employee_id,department,category,amount,timestamp,is_fraud
1068,Marketing,Software,198.68,2023-01-01 00:00:00,0
1011,Marketing,Other,122.12,2023-01-01 01:00:00,0
1004,Engineering,Other,279.0,2023-01-01 02:00:00,0
1038,HR,Other,1043.6499999999999,2023-01-01 03:00:00,1
1004,Marketing,Other,103.11,2023-01-01 04:00:00,0
1022,HR,Supplies,171.17,2023-01-01 05:00:00,0
1007,HR,Meals,260.47,2023-01-01 06:00:00,0
1044,Finance,Supplies,286.32,2023-01-01 07:00:00,0
1047,Engineering,Travel,236.87,2023-01-01 08:00:00,0
1020,Engineering,Software,211.96,2023-01-01 09:00:00,0
1048,HR,Travel,200.78,2023-01-01 10:00:00,0
1059,HR,Supplies,178.97,2023-01-01 11:00:00,0
1003,Finance,Travel,146.18,2023-01-01 12:00:00,0
1068,Marketing,Supplies,165.88,2023-01-01 13:00:00,0
1092,HR,Travel,230.95,2023-01-01 14:00:00,0
1032,Engineering,Meals,241.87,2023-01-01 15:00:00,0
1056,Engineering,Software,244.31,2023-01-01 16:00:00,0
1023,Marketing,Supplies,240.61,2023-01-01 17:00:00,0
1018,Finance,Other,130.6,2023-01-01 18:00:00,0
1081,HR,Other,188.36,2023-01-01 19:00:00,0
1021,Finance,Supplies,269.65,2023-01-01 20:00:00,0
1045,Finance,Travel,139.11,2023-01-01 21:00:00,0
1039,Engineering,Travel,213.75,2023-01-01 22:00:00,0
1008,HR,Supplies,234.04,2023-01-01 23:00:00,0
1064,Finance,Software,178.01,2023-01-02 00:00:00,0
1050,Marketing,Meals,301.26,2023-01-02 01:00:00,0
1094,Finance,Meals,144.18,2023-01-02 02:00:00,0
1099,Marketing,Meals,150.05,2023-01-02 03:00:00,0
1006,Engineering,Software,273.18,2023-01-02 04:00:00,0
1013,HR,Other,255.92,2023-01-02 05:00:00,0
1049,Engineering,Software,205.67,2023-01-02 06:00:00,0
1045,HR,Travel,159.45,2023-01-02 07:00:00,0
1026,Engineering,Travel,105.19,2023-01-02 08:00:00,0
1096,HR,Meals,139.47,2023-01-02 09:00:00,0
1078,Marketing,Supplies,264.07,2023-01-02 10:00:00,0
1005,Engineering,Supplies,246.38,2023-01-02 11:00:00,0
1045,Marketing,Travel,210.85,2023-01-02 12:00:00,0
1062,Marketing,Travel,203.14,2023-01-02 13:00:00,0
1024,Engineering,Supplies,247.71,2023-01-02 14:00:00,0
1024,Engineering,Meals,209.42,2023-01-02 15:00:00,0
1037,Marketing,Other,162.47,2023-01-02 16:00:00,0
1018,HR,Meals,157.57,2023-01-02 17:00:00,0
1003,Finance,Software,753.1,2023-01-02 18:00:00,1
1084,Finance,Travel,239.36,2023-01-02 19:00:00,0
1046,Engineering,Meals,213.03,2023-01-02 20:00:00,0
1029,HR,Supplies,241.81,2023-01-02 21:00:00,0
1078,Engineering,Travel,209.96,2023-01-02 22:00:00,0
1008,Engineering,Other,260.63,2023-01-02 23:00:00,0
1020,HR,Travel,110.8,2023-01-03 00:00:00,0
1041,HR,Supplies,206.38,2023-01-03 01:00:00,0
1078,HR,Other,152.91,2023-01-03 02:00:00,0
1042,HR,Supplies,950.0,2023-01-03 03:00:00,1
1045,HR,Other,221.24,2023-01-03 04:00:00,0
1063,HR,Software,129.66,2023-01-03 05:00:00,0
1069,Marketing,Supplies,716.4,2023-01-03 06:00:00,1
1013,Finance,Meals,244.7,2023-01-03 07:00:00,0
1089,Engineering,Supplies,129.6,2023-01-03 08:00:00,0
1060,Marketing,Other,175.4,2023-01-03 09:00:00,0
1098,Engineering,Other,165.23,2023-01-03 10:00:00,0
1037,HR,Supplies,274.57,2023-01-03 11:00:00,0
1031,Engineering,Supplies,192.61,2023-01-03 12:00:00,0
1065,Marketing,Other,291.01,2023-01-03 13:00:00,0
1055,Marketing,Supplies,245.9,2023-01-03 14:00:00,0
1098,Finance,Travel,176.86,2023-01-03 15:00:00,0
1078,Marketing,Travel,192.39,2023-01-03 16:00:00,0
1043,Engineering,Software,197.92,2023-01-03 17:00:00,0
1096,Marketing,Other,178.24,2023-01-03 18:00:00,0
1000,Engineering,Software,73.85,2023-01-03 19:00:00,0
1085,Finance,Other,288.44,2023-01-03 20:00:00,0
1033,Engineering,Other,108.97,2023-01-03 21:00:00,0
1000,Marketing,Travel,223.75,2023-01-03 22:00:00,0
1059,Engineering,Other,154.35,2023-01-03 23:00:00,0
1073,Finance,Software,235.85,2023-01-04 00:00:00,0
1063,Engineering,Travel,221.41,2023-01-04 01:00:00,0
1082,Engineering,Other,204.28,2023-01-04 02:00:00,0
1038,Marketing,Supplies,163.93,2023-01-04 03:00:00,0
1034,HR,Supplies,115.56,2023-01-04 04:00:00,0
1088,Marketing,Travel,274.81,2023-01-04 05:00:00,0
1005,HR,Travel,260.33,2023-01-04 06:00:00,0
1016,Marketing,Meals,125.75,2023-01-04 07:00:00,0
1032,HR,Software,158.41,2023-01-04 08:00:00,0
1077,HR,Software,266.51,2023-01-04 09:00:00,0
1069,Marketing,Travel,163.25,2023-01-04 10:00:00,0
1088,HR,Travel,262.02,2023-01-04 11:00:00,0
1094,HR,Meals,304.04,2023-01-04 12:00:00,0
1042,Marketing,Travel,169.11,2023-01-04 13:00:00,0
1060,HR,Meals,245.47,2023-01-04 14:00:00,0
1083,Engineering,Travel,197.58,2023-01-04 15:00:00,0
1018,Finance,Supplies,187.55,2023-01-04 16:00:00,0
1056,HR,Software,190.78,2023-01-04 17:00:00,0
1035,HR,Other,289.96,2023-01-04 18:00:00,0
1030,HR,Supplies,187.91,2023-01-04 19:00:00,0
1073,Finance,Supplies,324.33,2023-01-04 20:00:00,0
1048,Engineering,Meals,265.88,2023-01-04 21:00:00,0
1018,Marketing,Travel,273.61,2023-01-04 22:00:00,0
1003,Marketing,Software,123.52,2023-01-04 23:00:00,0
1088,Engineering,Meals,217.06,2023-01-05 00:00:00,0
1055,Engineering,Travel,231.79,2023-01-05 01:00:00,0
1084,Finance,Software,199.95,2023-01-05 02:00:00,0
1012,Finance,Other,302.12,2023-01-05 03:00:00,0
1040,HR,Meals,170.13,2023-01-05 04:00:00,0
1037,Marketing,Software,247.93,2023-01-05 05:00:00,0
1080,Marketing,Software,222.96,2023-01-05 06:00:00,0
1052,Engineering,Software,264.04,2023-01-05 07:00:00,0
1091,Engineering,Other,197.56,2023-01-05 08:00:00,0
1028,Finance,Travel,168.87,2023-01-05 09:00:00,0
1024,Marketing,Travel,104.04,2023-01-05 10:00:00,0
1055,Engineering,Meals,212.81,2023-01-05 11:00:00,0
1022,Engineering,Travel,236.82,2023-01-05 12:00:00,0
1022,HR,Other,190.47,2023-01-05 13:00:00,0
1056,Marketing,Other,214.08,2023-01-05 14:00:00,0
1036,Finance,Other,213.41,2023-01-05 15:00:00,0
1005,HR,Other,215.54,2023-01-05 16:00:00,0
1048,HR,Other,220.32,2023-01-05 17:00:00,0
1005,Marketing,Meals,235.36,2023-01-05 18:00:00,0
1005,Finance,Supplies,281.96,2023-01-05 19:00:00,0
1081,HR,Software,303.19,2023-01-05 20:00:00,0
1009,Finance,Software,189.93,2023-01-05 21:00:00,0
1013,Engineering,Other,166.18,2023-01-05 22:00:00,0
1048,Marketing,Software,258.72,2023-01-05 23:00:00,0
1072,HR,Travel,200.73,2023-01-06 00:00:00,0
1080,Finance,Travel,226.86,2023-01-06 01:00:00,0
1042,Engineering,Supplies,170.07,2023-01-06 02:00:00,0
1019,Finance,Meals,260.08,2023-01-06 03:00:00,0
1097,HR,Supplies,234.11,2023-01-06 04:00:00,0
1006,Marketing,Other,277.99,2023-01-06 05:00:00,0
1043,Finance,Travel,115.11,2023-01-06 06:00:00,0
1079,Engineering,Other,286.09,2023-01-06 07:00:00,0
1088,Marketing,Travel,183.37,2023-01-06 08:00:00,0
1057,Engineering,Travel,144.32,2023-01-06 09:00:00,0
1097,Marketing,Meals,222.68,2023-01-06 10:00:00,0
1048,Marketing,Supplies,163.43,2023-01-06 11:00:00,0
1038,Marketing,Supplies,135.11,2023-01-06 12:00:00,0
1053,Marketing,Travel,182.61,2023-01-06 13:00:00,0
1095,HR,Meals,248.29,2023-01-06 14:00:00,0
1094,Marketing,Supplies,187.33,2023-01-06 15:00:00,0
1099,Finance,Software,338.27,2023-01-06 16:00:00,0
1098,Finance,Other,178.71,2023-01-06 17:00:00,0
1021,Finance,Meals,312.5,2023-01-06 18:00:00,0
1073,Finance,Meals,227.96,2023-01-06 19:00:00,0
1026,Finance,Supplies,255.7,2023-01-06 20:00:00,0
1038,Engineering,Other,192.33,2023-01-06 21:00:00,0
1067,Finance,Supplies,224.93,2023-01-06 22:00:00,0
1080,Marketing,Software,236.55,2023-01-06 23:00:00,0
1023,HR,Software,109.26,2023-01-07 00:00:00,0
1047,HR,Software,99.87,2023-01-07 01:00:00,0
1017,Marketing,Travel,185.93,2023-01-07 02:00:00,0
1010,Marketing,Supplies,220.47,2023-01-07 03:00:00,0
1098,Marketing,Software,240.17,2023-01-07 04:00:00,0
1096,Marketing,Travel,183.84,2023-01-07 05:00:00,0
1092,HR,Meals,177.88,2023-01-07 06:00:00,0
1025,HR,Supplies,155.62,2023-01-07 07:00:00,0
1083,HR,Meals,241.74,2023-01-07 08:00:00,0
1082,HR,Meals,176.0,2023-01-07 09:00:00,0
1003,HR,Supplies,214.12,2023-01-07 10:00:00,0
1030,Marketing,Supplies,208.22,2023-01-07 11:00:00,0
1083,Engineering,Software,218.0,2023-01-07 12:00:00,0
1011,Marketing,Other,171.14,2023-01-07 13:00:00,0
1019,Finance,Software,160.96,2023-01-07 14:00:00,0
1088,HR,Supplies,159.55,2023-01-07 15:00:00,0
1058,HR,Travel,238.63,2023-01-07 16:00:00,0
1088,HR,Travel,136.81,2023-01-07 17:00:00,0
1023,Finance,Other,223.57,2023-01-07 18:00:00,0
1099,Marketing,Meals,188.25,2023-01-07 19:00:00,0
1038,Finance,Software,184.55,2023-01-07 20:00:00,0
1022,HR,Travel,227.58,2023-01-07 21:00:00,0
1008,HR,Supplies,171.13,2023-01-07 22:00:00,0
1077,HR,Supplies,219.1,2023-01-07 23:00:00,0
1093,Marketing,Travel,137.11,2023-01-08 00:00:00,0
1016,HR,Meals,229.23,2023-01-08 01:00:00,0
1094,HR,Other,247.46,2023-01-08 02:00:00,0
1019,HR,Software,243.38,2023-01-08 03:00:00,0
1062,HR,Supplies,261.87,2023-01-08 04:00:00,0
1040,Engineering,Other,163.49,2023-01-08 05:00:00,0
1072,Engineering,Supplies,199.16,2023-01-08 06:00:00,0
1096,Finance,Meals,149.23,2023-01-08 07:00:00,0
1098,Engineering,Travel,220.4,2023-01-08 08:00:00,0
1040,Engineering,Software,115.21,2023-01-08 09:00:00,0
1086,Engineering,Travel,288.69,2023-01-08 10:00:00,0
1018,Finance,Supplies,227.49,2023-01-08 11:00:00,0
1004,HR,Meals,991.6500000000001,2023-01-08 12:00:00,1
1037,Engineering,Travel,189.83,2023-01-08 13:00:00,0
1005,Finance,Supplies,234.63,2023-01-08 14:00:00,0
1086,Marketing,Travel,145.03,2023-01-08 15:00:00,0
1067,HR,Software,94.64,2023-01-08 16:00:00,0
1022,Engineering,Other,224.75,2023-01-08 17:00:00,0
1040,Engineering,Software,200.18,2023-01-08 18:00:00,0
1009,Marketing,Other,122.98,2023-01-08 19:00:00,0
1081,Engineering,Other,216.22,2023-01-08 20:00:00,0
1010,Marketing,Travel,232.23,2023-01-08 21:00:00,0
1078,Marketing,Travel,141.03,2023-01-08 22:00:00,0
1040,Marketing,Travel,155.86,2023-01-08 23:00:00,0
1059,HR,Meals,225.43,2023-01-09 00:00:00,0
1090,Engineering,Meals,104.52,2023-01-09 01:00:00,0
1022,Engineering,Travel,189.13,2023-01-09 02:00:00,0
1087,Marketing,Meals,120.61,2023-01-09 03:00:00,0
1098,Marketing,Travel,200.43,2023-01-09 04:00:00,0
1046,Finance,Other,229.13,2023-01-09 05:00:00,0
1034,HR,Software,193.52,2023-01-09 06:00:00,0
1046,Marketing,Meals,227.82,2023-01-09 07:00:00,0
1047,HR,Travel,274.28,2023-01-09 08:00:00,0
1042,Finance,Other,302.06,2023-01-09 09:00:00,0
1065,Finance,Other,224.76,2023-01-09 10:00:00,0
1075,Finance,Travel,203.05,2023-01-09 11:00:00,0
1066,Marketing,Other,292.2,2023-01-09 12:00:00,0
1004,HR,Software,143.57,2023-01-09 13:00:00,0
1001,Marketing,Software,1154.8,2023-01-09 14:00:00,1
1061,Engineering,Other,243.7,2023-01-09 15:00:00,0
1088,Engineering,Supplies,288.19,2023-01-09 16:00:00,0
1084,Marketing,Supplies,231.8,2023-01-09 17:00:00,0
1081,Finance,Travel,226.34,2023-01-09 18:00:00,0
1007,Engineering,Software,203.64,2023-01-09 19:00:00,0
1071,Engineering,Supplies,189.2,2023-01-09 20:00:00,0
1053,Engineering,Software,227.59,2023-01-09 21:00:00,0
1079,Finance,Travel,266.22,2023-01-09 22:00:00,0
1031,Marketing,Supplies,226.67,2023-01-09 23:00:00,0
1081,Marketing,Supplies,216.72,2023-01-10 00:00:00,0
1033,Engineering,Supplies,170.92,2023-01-10 01:00:00,0
1083,Engineering,Software,226.99,2023-01-10 02:00:00,0
1014,Marketing,Software,79.64,2023-01-10 03:00:00,0
1032,Engineering,Travel,131.91,2023-01-10 04:00:00,0
1018,Marketing,Software,105.52,2023-01-10 05:00:00,0
1021,HR,Supplies,174.58,2023-01-10 06:00:00,0
1093,HR,Other,127.91,2023-01-10 07:00:00,0
1088,Marketing,Travel,155.83,2023-01-10 08:00:00,0
1092,HR,Software,149.68,2023-01-10 09:00:00,0
1059,HR,Software,188.34,2023-01-10 10:00:00,0
1072,Finance,Software,137.27,2023-01-10 11:00:00,0
1017,Marketing,Meals,107.43,2023-01-10 12:00:00,0
1029,HR,Software,953.75,2023-01-10 13:00:00,1
1009,Finance,Supplies,282.9,2023-01-10 14:00:00,0
1092,Marketing,Meals,202.05,2023-01-10 15:00:00,0
1046,Finance,Supplies,169.37,2023-01-10 16:00:00,0
1025,Marketing,Travel,165.64,2023-01-10 17:00:00,0
1031,Engineering,Travel,181.88,2023-01-10 18:00:00,0
1014,Marketing,Travel,1084.15,2023-01-10 19:00:00,1
1095,Engineering,Meals,172.89,2023-01-10 20:00:00,0
1034,Engineering,Travel,211.66,2023-01-10 21:00:00,0
1028,HR,Travel,640.05,2023-01-10 22:00:00,1
1075,Engineering,Meals,256.18,2023-01-10 23:00:00,0
1079,Finance,Supplies,178.16,2023-01-11 00:00:00,0
1012,Engineering,Supplies,247.31,2023-01-11 01:00:00,0
1045,Marketing,Software,129.83,2023-01-11 02:00:00,0
1053,HR,Supplies,183.72,2023-01-11 03:00:00,0
1076,Engineering,Meals,275.62,2023-01-11 04:00:00,0
1080,Marketing,Meals,202.18,2023-01-11 05:00:00,0
1021,Marketing,Other,140.3,2023-01-11 06:00:00,0
1063,Finance,Software,167.85,2023-01-11 07:00:00,0
1090,Finance,Travel,302.96,2023-01-11 08:00:00,0
1063,Engineering,Other,102.05,2023-01-11 09:00:00,0
1013,Finance,Meals,244.02,2023-01-11 10:00:00,0
1010,Engineering,Travel,208.87,2023-01-11 11:00:00,0
1007,Finance,Travel,182.63,2023-01-11 12:00:00,0
1012,Engineering,Other,188.62,2023-01-11 13:00:00,0
1021,Engineering,Meals,194.65,2023-01-11 14:00:00,0
1075,HR,Travel,345.3,2023-01-11 15:00:00,0
1081,HR,Travel,107.15,2023-01-11 16:00:00,0
1001,Finance,Supplies,225.99,2023-01-11 17:00:00,0
1004,Marketing,Travel,234.26,2023-01-11 18:00:00,0
1020,Finance,Other,138.77,2023-01-11 19:00:00,0
1016,Engineering,Meals,252.55,2023-01-11 20:00:00,0
1023,Marketing,Supplies,223.05,2023-01-11 21:00:00,0
1030,Finance,Travel,195.06,2023-01-11 22:00:00,0
1099,HR,Other,247.89,2023-01-11 23:00:00,0
1016,HR,Meals,138.05,2023-01-12 00:00:00,0
1039,Marketing,Travel,196.35,2023-01-12 01:00:00,0
1074,Marketing,Other,1265.05,2023-01-12 02:00:00,1
1000,HR,Supplies,147.75,2023-01-12 03:00:00,0
1001,Finance,Meals,225.98,2023-01-12 04:00:00,0
1031,Finance,Travel,260.1,2023-01-12 05:00:00,0
1050,Finance,Travel,275.59,2023-01-12 06:00:00,0
1061,HR,Other,267.61,2023-01-12 07:00:00,0
1037,Marketing,Other,150.86,2023-01-12 08:00:00,0
1023,Engineering,Meals,210.95,2023-01-12 09:00:00,0
1044,Finance,Meals,310.09,2023-01-12 10:00:00,0
1059,HR,Other,253.74,2023-01-12 11:00:00,0
1005,Engineering,Meals,754.7,2023-01-12 12:00:00,1
1000,Marketing,Other,188.21,2023-01-12 13:00:00,0
1051,Finance,Meals,228.18,2023-01-12 14:00:00,0
1077,Engineering,Other,167.89,2023-01-12 15:00:00,0
1036,Finance,Travel,144.68,2023-01-12 16:00:00,0
1054,Finance,Supplies,205.87,2023-01-12 17:00:00,0
1017,Engineering,Software,145.61,2023-01-12 18:00:00,0
1059,Finance,Meals,176.24,2023-01-12 19:00:00,0
1063,Marketing,Supplies,265.08,2023-01-12 20:00:00,0
1098,Finance,Other,265.63,2023-01-12 21:00:00,0
1000,Engineering,Meals,81.55,2023-01-12 22:00:00,0
1017,HR,Supplies,244.7,2023-01-12 23:00:00,0
1007,HR,Supplies,288.02,2023-01-13 00:00:00,0
1015,HR,Meals,201.45,2023-01-13 01:00:00,0
1002,Engineering,Meals,201.64,2023-01-13 02:00:00,0
1070,Finance,Travel,144.07,2023-01-13 03:00:00,0
1065,Finance,Travel,151.59,2023-01-13 04:00:00,0
1081,HR,Other,256.77,2023-01-13 05:00:00,0
1080,Engineering,Meals,139.38,2023-01-13 06:00:00,0
1084,Finance,Supplies,164.01,2023-01-13 07:00:00,0
1076,Engineering,Supplies,160.33,2023-01-13 08:00:00,0
1019,HR,Software,228.9,2023-01-13 09:00:00,0
1001,Finance,Supplies,287.16,2023-01-13 10:00:00,0
1072,Marketing,Travel,243.09,2023-01-13 11:00:00,0
1038,HR,Meals,198.89,2023-01-13 12:00:00,0
1002,Marketing,Meals,190.36,2023-01-13 13:00:00,0
1086,Finance,Meals,234.34,2023-01-13 14:00:00,0
1002,HR,Meals,223.96,2023-01-13 15:00:00,0
1034,Engineering,Travel,122.47,2023-01-13 16:00:00,0
1051,Finance,Software,170.99,2023-01-13 17:00:00,0
1052,Finance,Meals,111.77,2023-01-13 18:00:00,0
1089,Marketing,Meals,214.79,2023-01-13 19:00:00,0
1010,Finance,Travel,159.44,2023-01-13 20:00:00,0
1045,HR,Supplies,190.48,2023-01-13 21:00:00,0
1069,HR,Software,228.71,2023-01-13 22:00:00,0
1094,Marketing,Software,152.21,2023-01-13 23:00:00,0
1096,Engineering,Supplies,145.23,2023-01-14 00:00:00,0
1027,Finance,Meals,204.35,2023-01-14 01:00:00,0
1011,Marketing,Travel,242.91,2023-01-14 02:00:00,0
1066,Engineering,Travel,269.04,2023-01-14 03:00:00,0
1053,HR,Software,169.6,2023-01-14 04:00:00,0
1062,Finance,Meals,171.03,2023-01-14 05:00:00,0
1059,Finance,Meals,233.71,2023-01-14 06:00:00,0
1003,HR,Other,183.26,2023-01-14 07:00:00,0
1020,Engineering,Software,156.28,2023-01-14 08:00:00,0
1033,Marketing,Supplies,210.71,2023-01-14 09:00:00,0
1033,HR,Supplies,127.69,2023-01-14 10:00:00,0
1016,Finance,Supplies,285.49,2023-01-14 11:00:00,0
1027,Marketing,Meals,172.5,2023-01-14 12:00:00,0
1001,Finance,Supplies,205.64,2023-01-14 13:00:00,0
1005,Finance,Software,273.45,2023-01-14 14:00:00,0
1029,Marketing,Travel,207.02,2023-01-14 15:00:00,0
1024,Marketing,Travel,205.41,2023-01-14 16:00:00,0
1083,Engineering,Software,151.12,2023-01-14 17:00:00,0
1068,HR,Meals,251.59,2023-01-14 18:00:00,0
1095,Finance,Supplies,187.14,2023-01-14 19:00:00,0
1021,Finance,Travel,245.12,2023-01-14 20:00:00,0
1082,Engineering,Other,190.96,2023-01-14 21:00:00,0
1004,HR,Other,215.62,2023-01-14 22:00:00,0
1057,HR,Other,167.88,2023-01-14 23:00:00,0
1013,Marketing,Meals,164.09,2023-01-15 00:00:00,0
1077,Engineering,Other,187.53,2023-01-15 01:00:00,0
1097,Engineering,Meals,201.06,2023-01-15 02:00:00,0
1037,Marketing,Meals,190.03,2023-01-15 03:00:00,0
1034,Marketing,Travel,250.15,2023-01-15 04:00:00,0
1062,Finance,Travel,173.99,2023-01-15 05:00:00,0
1065,Finance,Travel,198.39,2023-01-15 06:00:00,0
1006,Engineering,Supplies,197.65,2023-01-15 07:00:00,0
1074,Engineering,Supplies,164.05,2023-01-15 08:00:00,0
1074,HR,Software,259.31,2023-01-15 09:00:00,0
1003,HR,Software,173.79,2023-01-15 10:00:00,0
1010,HR,Software,207.99,2023-01-15 11:00:00,0
1007,Engineering,Software,221.53,2023-01-15 12:00:00,0
1036,HR,Other,192.69,2023-01-15 13:00:00,0
1011,Finance,Supplies,187.02,2023-01-15 14:00:00,0
1056,Engineering,Other,193.74,2023-01-15 15:00:00,0
1041,Marketing,Supplies,176.06,2023-01-15 16:00:00,0
1070,HR,Supplies,193.71,2023-01-15 17:00:00,0
1087,HR,Meals,262.9,2023-01-15 18:00:00,0
1074,Marketing,Travel,220.69,2023-01-15 19:00:00,0
1071,Marketing,Meals,199.17,2023-01-15 20:00:00,0
1005,Marketing,Meals,293.44,2023-01-15 21:00:00,0
1043,Finance,Travel,189.64,2023-01-15 22:00:00,0
1022,Marketing,Supplies,241.72,2023-01-15 23:00:00,0
1019,Marketing,Supplies,203.28,2023-01-16 00:00:00,0
1044,Finance,Supplies,67.48,2023-01-16 01:00:00,0
1013,Finance,Travel,158.83,2023-01-16 02:00:00,0
1054,HR,Meals,240.51,2023-01-16 03:00:00,0
1023,Finance,Travel,281.89,2023-01-16 04:00:00,0
1009,Engineering,Meals,254.17,2023-01-16 05:00:00,0
1086,Engineering,Supplies,91.01,2023-01-16 06:00:00,0
1037,HR,Software,255.55,2023-01-16 07:00:00,0
1033,Engineering,Meals,299.81,2023-01-16 08:00:00,0
1037,Engineering,Meals,146.03,2023-01-16 09:00:00,0
1066,Marketing,Other,224.19,2023-01-16 10:00:00,0
1009,Marketing,Travel,209.35,2023-01-16 11:00:00,0
1081,HR,Meals,237.07,2023-01-16 12:00:00,0
1029,Finance,Meals,312.94,2023-01-16 13:00:00,0
1073,Engineering,Supplies,180.67,2023-01-16 14:00:00,0
1036,HR,Other,148.32,2023-01-16 15:00:00,0
1015,Engineering,Software,273.81,2023-01-16 16:00:00,0
1051,HR,Supplies,183.59,2023-01-16 17:00:00,0
1046,Finance,Meals,325.3,2023-01-16 18:00:00,0
1066,Finance,Meals,89.41,2023-01-16 19:00:00,0
1070,Marketing,Travel,227.77,2023-01-16 20:00:00,0
1038,HR,Software,227.5,2023-01-16 21:00:00,0
1064,Engineering,Software,162.07,2023-01-16 22:00:00,0
1089,Marketing,Other,207.64,2023-01-16 23:00:00,0
1022,Finance,Software,201.36,2023-01-17 00:00:00,0
1097,Engineering,Supplies,89.06,2023-01-17 01:00:00,0
1043,HR,Meals,174.73,2023-01-17 02:00:00,0
1032,Finance,Travel,257.4,2023-01-17 03:00:00,0
1081,HR,Travel,283.11,2023-01-17 04:00:00,0
1015,Finance,Software,198.33,2023-01-17 05:00:00,0
1014,HR,Travel,205.41,2023-01-17 06:00:00,0
1037,HR,Supplies,254.66,2023-01-17 07:00:00,0
1077,Finance,Meals,142.45,2023-01-17 08:00:00,0
1017,Marketing,Supplies,227.19,2023-01-17 09:00:00,0
1075,Engineering,Travel,283.45,2023-01-17 10:00:00,0
1010,Finance,Meals,165.29,2023-01-17 11:00:00,0
1002,Marketing,Supplies,160.35,2023-01-17 12:00:00,0
1087,Finance,Other,212.15,2023-01-17 13:00:00,0
1029,HR,Travel,211.22,2023-01-17 14:00:00,0
1003,Engineering,Other,927.55,2023-01-17 15:00:00,1
1026,HR,Software,165.79,2023-01-17 16:00:00,0
1016,Finance,Supplies,278.83,2023-01-17 17:00:00,0
1038,HR,Other,189.04,2023-01-17 18:00:00,0
1087,Finance,Travel,124.89,2023-01-17 19:00:00,0
1001,HR,Software,231.71,2023-01-17 20:00:00,0
1094,Marketing,Software,250.13,2023-01-17 21:00:00,0
1073,Marketing,Software,177.42,2023-01-17 22:00:00,0
1097,Marketing,Meals,160.25,2023-01-17 23:00:00,0
1051,Finance,Software,242.18,2023-01-18 00:00:00,0
1095,Finance,Supplies,162.22,2023-01-18 01:00:00,0
1056,Marketing,Other,229.37,2023-01-18 02:00:00,0
1069,Engineering,Software,207.02,2023-01-18 03:00:00,0
1090,Finance,Supplies,192.0,2023-01-18 04:00:00,0
1063,Marketing,Travel,279.77,2023-01-18 05:00:00,0
1005,HR,Meals,208.66,2023-01-18 06:00:00,0
1083,Finance,Software,241.3,2023-01-18 07:00:00,0
1092,Marketing,Supplies,252.91,2023-01-18 08:00:00,0
1038,Marketing,Software,178.75,2023-01-18 09:00:00,0
1038,HR,Travel,253.25,2023-01-18 10:00:00,0
1038,Finance,Meals,231.31,2023-01-18 11:00:00,0
1007,Engineering,Software,131.23,2023-01-18 12:00:00,0
1012,Finance,Travel,168.94,2023-01-18 13:00:00,0
1046,HR,Software,221.24,2023-01-18 14:00:00,0
1090,Marketing,Travel,224.38,2023-01-18 15:00:00,0
1066,Finance,Supplies,249.07,2023-01-18 16:00:00,0
1061,Marketing,Meals,181.54,2023-01-18 17:00:00,0
1043,Marketing,Travel,250.05,2023-01-18 18:00:00,0
1035,Finance,Other,123.94,2023-01-18 19:00:00,0
1073,HR,Travel,186.75,2023-01-18 20:00:00,0
1025,Marketing,Supplies,247.39,2023-01-18 21:00:00,0
1078,Engineering,Software,160.85,2023-01-18 22:00:00,0
1072,Marketing,Supplies,176.76,2023-01-18 23:00:00,0
1001,Marketing,Software,221.01,2023-01-19 00:00:00,0
1039,Engineering,Software,248.58,2023-01-19 01:00:00,0
1001,HR,Supplies,224.07,2023-01-19 02:00:00,0
1029,Finance,Software,215.41,2023-01-19 03:00:00,0
1009,Engineering,Supplies,208.73,2023-01-19 04:00:00,0
1056,Engineering,Software,359.07,2023-01-19 05:00:00,0
1030,Engineering,Supplies,180.81,2023-01-19 06:00:00,0
1084,HR,Meals,286.37,2023-01-19 07:00:00,0
1008,HR,Supplies,175.71,2023-01-19 08:00:00,0
1073,Marketing,Supplies,188.16,2023-01-19 09:00:00,0
1086,Marketing,Software,126.05,2023-01-19 10:00:00,0
1015,Marketing,Travel,230.19,2023-01-19 11:00:00,0
1000,Finance,Other,225.87,2023-01-19 12:00:00,0
1093,Finance,Meals,224.85,2023-01-19 13:00:00,0
1053,Marketing,Supplies,219.2,2023-01-19 14:00:00,0
1051,Marketing,Meals,183.06,2023-01-19 15:00:00,0
1040,Engineering,Other,209.71,2023-01-19 16:00:00,0
1063,Engineering,Travel,240.58,2023-01-19 17:00:00,0
1077,Finance,Travel,221.25,2023-01-19 18:00:00,0
1035,HR,Travel,216.12,2023-01-19 19:00:00,0
1053,Finance,Other,223.02,2023-01-19 20:00:00,0
1039,HR,Software,193.04,2023-01-19 21:00:00,0
1036,Finance,Meals,167.59,2023-01-19 22:00:00,0
1003,Marketing,Travel,97.43,2023-01-19 23:00:00,0
1024,HR,Meals,215.19,2023-01-20 00:00:00,0
1032,Finance,Software,203.95,2023-01-20 01:00:00,0
1029,Finance,Travel,192.4,2023-01-20 02:00:00,0
1013,Marketing,Meals,237.09,2023-01-20 03:00:00,0
1026,Marketing,Travel,159.18,2023-01-20 04:00:00,0
1090,Engineering,Travel,199.39,2023-01-20 05:00:00,0
1094,Finance,Other,122.71,2023-01-20 06:00:00,0
1022,Finance,Meals,282.84,2023-01-20 07:00:00,0
1055,Finance,Meals,202.48,2023-01-20 08:00:00,0
1082,Engineering,Meals,153.53,2023-01-20 09:00:00,0
1030,HR,Travel,265.41,2023-01-20 10:00:00,0
1034,HR,Software,191.87,2023-01-20 11:00:00,0
1029,Marketing,Other,194.29,2023-01-20 12:00:00,0
1022,Finance,Meals,200.5,2023-01-20 13:00:00,0
1010,Finance,Software,175.42,2023-01-20 14:00:00,0
1027,Finance,Other,197.42,2023-01-20 15:00:00,0
1030,Engineering,Supplies,204.79,2023-01-20 16:00:00,0
1091,Finance,Other,173.64,2023-01-20 17:00:00,0
1038,Finance,Supplies,172.12,2023-01-20 18:00:00,0
1092,HR,Supplies,153.21,2023-01-20 19:00:00,0
1036,Marketing,Other,232.81,2023-01-20 20:00:00,0
1073,Marketing,Supplies,103.95,2023-01-20 21:00:00,0
1077,HR,Supplies,179.94,2023-01-20 22:00:00,0
1035,HR,Supplies,302.78,2023-01-20 23:00:00,0
1082,HR,Supplies,183.55,2023-01-21 00:00:00,0
1020,Engineering,Travel,166.64,2023-01-21 01:00:00,0
1083,HR,Software,1045.45,2023-01-21 02:00:00,1
1037,Engineering,Supplies,272.59,2023-01-21 03:00:00,0
1076,HR,Travel,222.07,2023-01-21 04:00:00,0
1067,Marketing,Meals,244.23,2023-01-21 05:00:00,0
1096,Marketing,Supplies,135.53,2023-01-21 06:00:00,0
1058,HR,Travel,259.27,2023-01-21 07:00:00,0
1022,Finance,Other,123.36,2023-01-21 08:00:00,0
1014,HR,Travel,188.21,2023-01-21 09:00:00,0
1098,Finance,Travel,123.55,2023-01-21 10:00:00,0
1041,Engineering,Meals,114.9,2023-01-21 11:00:00,0
1047,Engineering,Other,271.95,2023-01-21 12:00:00,0
1047,Engineering,Other,171.99,2023-01-21 13:00:00,0
1078,Engineering,Software,158.35,2023-01-21 14:00:00,0
1061,HR,Other,179.81,2023-01-21 15:00:00,0
1046,HR,Other,359.21,2023-01-21 16:00:00,0
1028,Finance,Meals,217.37,2023-01-21 17:00:00,0
1056,HR,Meals,264.94,2023-01-21 18:00:00,0
1012,Marketing,Software,133.12,2023-01-21 19:00:00,0
1019,HR,Travel,238.08,2023-01-21 20:00:00,0
1065,Marketing,Supplies,286.66,2023-01-21 21:00:00,0
1028,Engineering,Supplies,215.69,2023-01-21 22:00:00,0
1022,Engineering,Meals,232.99,2023-01-21 23:00:00,0
1020,HR,Software,235.65,2023-01-22 00:00:00,0
1032,HR,Travel,201.96,2023-01-22 01:00:00,0
1083,Engineering,Software,187.76,2023-01-22 02:00:00,0
1061,Marketing,Meals,217.65,2023-01-22 03:00:00,0
1003,Finance,Software,218.84,2023-01-22 04:00:00,0
1005,Finance,Supplies,159.59,2023-01-22 05:00:00,0
1052,HR,Supplies,165.12,2023-01-22 06:00:00,0
1092,Finance,Software,205.6,2023-01-22 07:00:00,0
1055,HR,Meals,218.58,2023-01-22 08:00:00,0
1028,Engineering,Software,173.01,2023-01-22 09:00:00,0
1026,Marketing,Travel,150.38,2023-01-22 10:00:00,0
1086,Finance,Software,149.24,2023-01-22 11:00:00,0
1057,HR,Meals,132.31,2023-01-22 12:00:00,0
1031,Finance,Software,163.49,2023-01-22 13:00:00,0
1056,Marketing,Travel,199.73,2023-01-22 14:00:00,0
1077,Engineering,Travel,262.95,2023-01-22 15:00:00,0
1009,Finance,Other,177.14,2023-01-22 16:00:00,0
1056,HR,Meals,161.89,2023-01-22 17:00:00,0
1018,HR,Supplies,261.13,2023-01-22 18:00:00,0
1091,HR,Supplies,175.35,2023-01-22 19:00:00,0
1019,Marketing,Supplies,94.33,2023-01-22 20:00:00,0
1081,Marketing,Travel,120.75,2023-01-22 21:00:00,0
1069,Finance,Other,947.8,2023-01-22 22:00:00,1
1049,Finance,Travel,218.45,2023-01-22 23:00:00,0
1030,HR,Software,183.08,2023-01-23 00:00:00,0
1010,HR,Software,174.43,2023-01-23 01:00:00,0
1000,HR,Travel,180.97,2023-01-23 02:00:00,0
1013,Marketing,Travel,213.63,2023-01-23 03:00:00,0
1056,Engineering,Meals,207.59,2023-01-23 04:00:00,0
1082,Finance,Travel,177.23,2023-01-23 05:00:00,0
1081,HR,Software,186.76,2023-01-23 06:00:00,0
1096,Marketing,Meals,161.34,2023-01-23 07:00:00,0
1006,Engineering,Meals,236.69,2023-01-23 08:00:00,0
1032,Engineering,Meals,194.19,2023-01-23 09:00:00,0
1034,Marketing,Travel,174.67,2023-01-23 10:00:00,0
1081,HR,Meals,133.26,2023-01-23 11:00:00,0
1040,Engineering,Travel,203.38,2023-01-23 12:00:00,0
1072,Finance,Other,182.02,2023-01-23 13:00:00,0
1068,Engineering,Other,178.8,2023-01-23 14:00:00,0
1024,Finance,Meals,236.58,2023-01-23 15:00:00,0
1092,Finance,Other,250.29,2023-01-23 16:00:00,0
1075,Marketing,Other,197.54,2023-01-23 17:00:00,0
1094,HR,Supplies,268.71,2023-01-23 18:00:00,0
1092,Finance,Software,269.6,2023-01-23 19:00:00,0
1097,Engineering,Supplies,164.08,2023-01-23 20:00:00,0
1088,HR,Travel,247.12,2023-01-23 21:00:00,0
1053,HR,Other,221.84,2023-01-23 22:00:00,0
1068,Finance,Supplies,176.48,2023-01-23 23:00:00,0
1062,Engineering,Travel,136.16,2023-01-24 00:00:00,0
1030,Finance,Other,220.23,2023-01-24 01:00:00,0
1022,Finance,Software,217.05,2023-01-24 02:00:00,0
1040,Engineering,Other,197.67,2023-01-24 03:00:00,0
1097,Engineering,Software,232.26,2023-01-24 04:00:00,0
1014,Engineering,Meals,223.93,2023-01-24 05:00:00,0
1090,Marketing,Travel,1071.0,2023-01-24 06:00:00,1
1082,Finance,Meals,238.59,2023-01-24 07:00:00,0
1049,Finance,Other,169.57,2023-01-24 08:00:00,0
1043,Marketing,Travel,265.85,2023-01-24 09:00:00,0
1023,Engineering,Travel,222.0,2023-01-24 10:00:00,0
1068,Engineering,Supplies,151.47,2023-01-24 11:00:00,0
1067,Finance,Supplies,273.3,2023-01-24 12:00:00,0
1034,HR,Other,187.95,2023-01-24 13:00:00,0
1014,Finance,Travel,107.93,2023-01-24 14:00:00,0
1086,HR,Supplies,125.14,2023-01-24 15:00:00,0
1036,Marketing,Other,201.57,2023-01-24 16:00:00,0
1033,Engineering,Software,204.25,2023-01-24 17:00:00,0
1075,HR,Other,241.37,2023-01-24 18:00:00,0
1016,Finance,Software,209.38,2023-01-24 19:00:00,0
1085,Finance,Travel,233.11,2023-01-24 20:00:00,0
1019,Engineering,Travel,153.65,2023-01-24 21:00:00,0
1089,Engineering,Supplies,208.16,2023-01-24 22:00:00,0
1004,HR,Travel,201.34,2023-01-24 23:00:00,0
1034,Marketing,Meals,249.11,2023-01-25 00:00:00,0
1099,Engineering,Meals,160.29,2023-01-25 01:00:00,0
1077,HR,Software,159.34,2023-01-25 02:00:00,0
1040,Marketing,Software,149.88,2023-01-25 03:00:00,0
1039,Engineering,Meals,164.3,2023-01-25 04:00:00,0
1028,Engineering,Supplies,242.15,2023-01-25 05:00:00,0
1027,Engineering,Software,823.25,2023-01-25 06:00:00,1
1072,Marketing,Meals,271.79,2023-01-25 07:00:00,0
1055,Engineering,Software,205.95,2023-01-25 08:00:00,0
1027,HR,Software,189.7,2023-01-25 09:00:00,0
1028,Engineering,Meals,265.56,2023-01-25 10:00:00,0
1009,HR,Supplies,290.53,2023-01-25 11:00:00,0
1001,Marketing,Supplies,200.26,2023-01-25 12:00:00,0
1066,Marketing,Supplies,200.51,2023-01-25 13:00:00,0
1040,HR,Travel,155.36,2023-01-25 14:00:00,0
1038,Marketing,Travel,279.17,2023-01-25 15:00:00,0
1085,Marketing,Software,155.12,2023-01-25 16:00:00,0
1038,Marketing,Supplies,191.56,2023-01-25 17:00:00,0
1046,Engineering,Other,202.52,2023-01-25 18:00:00,0
1041,Engineering,Other,285.8,2023-01-25 19:00:00,0
1065,Engineering,Travel,144.61,2023-01-25 20:00:00,0
1075,Marketing,Software,229.26,2023-01-25 21:00:00,0
1016,HR,Travel,227.31,2023-01-25 22:00:00,0
1008,Engineering,Supplies,173.45,2023-01-25 23:00:00,0
1083,Marketing,Supplies,192.07,2023-01-26 00:00:00,0
1047,HR,Software,249.46,2023-01-26 01:00:00,0
1052,HR,Software,114.69,2023-01-26 02:00:00,0
1090,Marketing,Meals,221.7,2023-01-26 03:00:00,0
1070,Engineering,Other,185.25,2023-01-26 04:00:00,0
1065,Marketing,Travel,203.6,2023-01-26 05:00:00,0
1065,HR,Travel,213.74,2023-01-26 06:00:00,0
1077,HR,Travel,236.09,2023-01-26 07:00:00,0
1069,HR,Software,167.25,2023-01-26 08:00:00,0
1012,HR,Meals,245.12,2023-01-26 09:00:00,0
1022,HR,Software,223.99,2023-01-26 10:00:00,0
1037,Marketing,Supplies,185.58,2023-01-26 11:00:00,0
1042,HR,Supplies,156.7,2023-01-26 12:00:00,0
1021,Engineering,Other,125.48,2023-01-26 13:00:00,0
1034,Engineering,Software,201.84,2023-01-26 14:00:00,0
1044,Marketing,Other,199.84,2023-01-26 15:00:00,0
1036,Engineering,Software,260.85,2023-01-26 16:00:00,0
1026,Engineering,Other,157.27,2023-01-26 17:00:00,0
1030,Engineering,Supplies,301.04,2023-01-26 18:00:00,0
1086,Finance,Software,211.97,2023-01-26 19:00:00,0
1045,Finance,Other,196.61,2023-01-26 20:00:00,0
1030,HR,Meals,130.93,2023-01-26 21:00:00,0
1038,HR,Software,311.23,2023-01-26 22:00:00,0
1055,HR,Supplies,143.22,2023-01-26 23:00:00,0
1008,Finance,Travel,283.09,2023-01-27 00:00:00,0
1015,Finance,Other,289.18,2023-01-27 01:00:00,0
1075,Marketing,Travel,122.66,2023-01-27 02:00:00,0
1056,Marketing,Software,228.2,2023-01-27 03:00:00,0
1026,Engineering,Meals,222.65,2023-01-27 04:00:00,0
1051,HR,Software,170.2,2023-01-27 05:00:00,0
1076,Marketing,Software,199.07,2023-01-27 06:00:00,0
1077,Marketing,Meals,166.56,2023-01-27 07:00:00,0
1053,Engineering,Software,168.81,2023-01-27 08:00:00,0
1019,Finance,Other,192.95,2023-01-27 09:00:00,0
1000,Marketing,Travel,105.15,2023-01-27 10:00:00,0
1019,HR,Travel,272.88,2023-01-27 11:00:00,0
1049,HR,Travel,150.27,2023-01-27 12:00:00,0
1012,HR,Other,263.71,2023-01-27 13:00:00,0
1024,Marketing,Other,251.64,2023-01-27 14:00:00,0
1062,Engineering,Travel,203.75,2023-01-27 15:00:00,0
1099,Finance,Meals,193.32,2023-01-27 16:00:00,0
1056,HR,Meals,208.67,2023-01-27 17:00:00,0
1009,Marketing,Software,210.41,2023-01-27 18:00:00,0
1004,Engineering,Other,164.13,2023-01-27 19:00:00,0
1008,Marketing,Meals,230.62,2023-01-27 20:00:00,0
1082,HR,Supplies,173.9,2023-01-27 21:00:00,0
1063,Marketing,Supplies,157.69,2023-01-27 22:00:00,0
1030,Marketing,Supplies,178.01,2023-01-27 23:00:00,0
1000,Engineering,Meals,170.98,2023-01-28 00:00:00,0
1062,Finance,Travel,130.57,2023-01-28 01:00:00,0
1039,Marketing,Meals,170.1,2023-01-28 02:00:00,0
1044,Marketing,Travel,185.95,2023-01-28 03:00:00,0
1035,HR,Other,101.69,2023-01-28 04:00:00,0
1069,Marketing,Software,197.92,2023-01-28 05:00:00,0
1044,HR,Software,214.37,2023-01-28 06:00:00,0
1011,Finance,Supplies,220.71,2023-01-28 07:00:00,0
1068,Marketing,Other,995.25,2023-01-28 08:00:00,1
1088,HR,Other,184.77,2023-01-28 09:00:00,0
1067,Finance,Other,279.57,2023-01-28 10:00:00,0
1053,Finance,Travel,120.22,2023-01-28 11:00:00,0
1099,Engineering,Supplies,246.44,2023-01-28 12:00:00,0
1069,Engineering,Supplies,255.5,2023-01-28 13:00:00,0
1054,Finance,Supplies,306.06,2023-01-28 14:00:00,0
1001,Engineering,Meals,213.71,2023-01-28 15:00:00,0
1047,Marketing,Travel,119.71,2023-01-28 16:00:00,0
1077,Marketing,Supplies,176.21,2023-01-28 17:00:00,0
1025,Finance,Software,256.36,2023-01-28 18:00:00,0
1090,Marketing,Other,200.57,2023-01-28 19:00:00,0
1036,Marketing,Travel,240.46,2023-01-28 20:00:00,0
1014,Marketing,Other,164.06,2023-01-28 21:00:00,0
1087,Engineering,Travel,188.77,2023-01-28 22:00:00,0
1076,Marketing,Supplies,219.22,2023-01-28 23:00:00,0
1071,Marketing,Travel,236.71,2023-01-29 00:00:00,0
1071,Marketing,Software,215.91,2023-01-29 01:00:00,0
1086,Marketing,Travel,228.24,2023-01-29 02:00:00,0
1055,Marketing,Travel,192.72,2023-01-29 03:00:00,0
1099,Finance,Supplies,209.08,2023-01-29 04:00:00,0
1002,HR,Supplies,259.8,2023-01-29 05:00:00,0
1068,Marketing,Supplies,255.82,2023-01-29 06:00:00,0
1041,Finance,Software,272.82,2023-01-29 07:00:00,0
1093,Marketing,Software,219.79,2023-01-29 08:00:00,0
1022,Marketing,Other,203.21,2023-01-29 09:00:00,0
1031,Engineering,Supplies,139.83,2023-01-29 10:00:00,0
1088,Engineering,Software,241.46,2023-01-29 11:00:00,0
1073,Marketing,Other,193.55,2023-01-29 12:00:00,0
1080,Engineering,Software,186.58,2023-01-29 13:00:00,0
1012,Finance,Meals,225.51,2023-01-29 14:00:00,0
1051,Marketing,Software,136.32,2023-01-29 15:00:00,0
1088,Marketing,Travel,233.67,2023-01-29 16:00:00,0
1079,Engineering,Meals,181.18,2023-01-29 17:00:00,0
1090,HR,Travel,207.99,2023-01-29 18:00:00,0
1045,Marketing,Travel,216.03,2023-01-29 19:00:00,0
1055,Engineering,Travel,214.58,2023-01-29 20:00:00,0
1080,HR,Travel,166.12,2023-01-29 21:00:00,0
1047,Engineering,Supplies,159.73,2023-01-29 22:00:00,0
1016,Engineering,Software,190.81,2023-01-29 23:00:00,0
1008,Finance,Software,191.56,2023-01-30 00:00:00,0
1060,Finance,Software,219.58,2023-01-30 01:00:00,0
1073,HR,Supplies,187.56,2023-01-30 02:00:00,0
1037,HR,Travel,151.65,2023-01-30 03:00:00,0
1010,Marketing,Other,251.07,2023-01-30 04:00:00,0
1082,Finance,Meals,116.2,2023-01-30 05:00:00,0
1044,Marketing,Meals,232.77,2023-01-30 06:00:00,0
1079,HR,Other,166.7,2023-01-30 07:00:00,0
1068,Marketing,Travel,229.7,2023-01-30 08:00:00,0
1065,HR,Travel,207.05,2023-01-30 09:00:00,0
1042,HR,Travel,160.44,2023-01-30 10:00:00,0
1045,Finance,Travel,161.2,2023-01-30 11:00:00,0
1020,Engineering,Supplies,237.05,2023-01-30 12:00:00,0
1083,Engineering,Travel,234.57,2023-01-30 13:00:00,0
1093,Marketing,Meals,147.57,2023-01-30 14:00:00,0
1075,Marketing,Other,205.42,2023-01-30 15:00:00,0
1026,Marketing,Other,222.01,2023-01-30 16:00:00,0
1075,HR,Software,227.26,2023-01-30 17:00:00,0
1093,HR,Supplies,227.49,2023-01-30 18:00:00,0
1064,Marketing,Meals,177.0,2023-01-30 19:00:00,0
1082,Marketing,Software,173.94,2023-01-30 20:00:00,0
1007,Finance,Meals,158.26,2023-01-30 21:00:00,0
1081,HR,Travel,231.87,2023-01-30 22:00:00,0
1041,HR,Software,210.6,2023-01-30 23:00:00,0
1029,Finance,Other,202.86,2023-01-31 00:00:00,0
1059,Engineering,Other,116.92,2023-01-31 01:00:00,0
1025,Engineering,Meals,266.01,2023-01-31 02:00:00,0
1076,Marketing,Meals,115.33,2023-01-31 03:00:00,0
1023,Engineering,Other,168.32,2023-01-31 04:00:00,0
1090,HR,Software,161.06,2023-01-31 05:00:00,0
1022,HR,Travel,203.46,2023-01-31 06:00:00,0
1005,Finance,Software,154.27,2023-01-31 07:00:00,0
1094,Finance,Supplies,132.56,2023-01-31 08:00:00,0
1032,Finance,Travel,230.97,2023-01-31 09:00:00,0
1003,Engineering,Other,171.87,2023-01-31 10:00:00,0
1012,HR,Supplies,167.37,2023-01-31 11:00:00,0
1043,Marketing,Travel,121.2,2023-01-31 12:00:00,0
1019,Marketing,Software,331.0,2023-01-31 13:00:00,0
1004,Finance,Software,700.1999999999999,2023-01-31 14:00:00,1
1002,Finance,Other,107.32,2023-01-31 15:00:00,0
1070,Marketing,Software,177.68,2023-01-31 16:00:00,0
1069,Finance,Meals,231.81,2023-01-31 17:00:00,0
1097,Engineering,Software,118.99,2023-01-31 18:00:00,0
1071,Engineering,Meals,211.55,2023-01-31 19:00:00,0
1025,HR,Software,206.05,2023-01-31 20:00:00,0
1067,Marketing,Travel,93.18,2023-01-31 21:00:00,0
1000,Marketing,Supplies,167.43,2023-01-31 22:00:00,0
1067,Marketing,Other,268.11,2023-01-31 23:00:00,0
1048,Marketing,Supplies,145.62,2023-02-01 00:00:00,0
1046,Marketing,Supplies,134.69,2023-02-01 01:00:00,0
1072,HR,Travel,237.6,2023-02-01 02:00:00,0
1081,Engineering,Other,131.69,2023-02-01 03:00:00,0
1035,HR,Meals,187.33,2023-02-01 04:00:00,0
1086,Engineering,Meals,227.58,2023-02-01 05:00:00,0
1064,Marketing,Supplies,232.89,2023-02-01 06:00:00,0
1099,HR,Other,247.22,2023-02-01 07:00:00,0
1068,HR,Travel,159.01,2023-02-01 08:00:00,0
1024,Finance,Supplies,224.56,2023-02-01 09:00:00,0
1060,Marketing,Meals,146.65,2023-02-01 10:00:00,0
1073,Marketing,Other,146.23,2023-02-01 11:00:00,0
1089,Marketing,Other,185.89,2023-02-01 12:00:00,0
1032,Engineering,Supplies,172.39,2023-02-01 13:00:00,0
1068,Finance,Supplies,156.8,2023-02-01 14:00:00,0
1049,Finance,Software,206.81,2023-02-01 15:00:00,0
1081,HR,Travel,112.79,2023-02-01 16:00:00,0
1051,Marketing,Supplies,210.31,2023-02-01 17:00:00,0
1026,Engineering,Software,208.55,2023-02-01 18:00:00,0
1097,Marketing,Travel,210.87,2023-02-01 19:00:00,0
1058,Finance,Meals,226.45,2023-02-01 20:00:00,0
1063,Engineering,Meals,190.92,2023-02-01 21:00:00,0
1005,Engineering,Travel,136.0,2023-02-01 22:00:00,0
1001,Finance,Supplies,178.53,2023-02-01 23:00:00,0
1018,Engineering,Meals,225.42,2023-02-02 00:00:00,0
1026,Marketing,Other,134.63,2023-02-02 01:00:00,0
1086,Marketing,Supplies,248.87,2023-02-02 02:00:00,0
1079,Engineering,Other,121.86,2023-02-02 03:00:00,0
1010,Marketing,Other,263.74,2023-02-02 04:00:00,0
1034,Engineering,Travel,197.07,2023-02-02 05:00:00,0
1083,Finance,Meals,178.53,2023-02-02 06:00:00,0
1098,Finance,Travel,165.64,2023-02-02 07:00:00,0
1002,HR,Travel,230.44,2023-02-02 08:00:00,0
1099,Engineering,Other,250.41,2023-02-02 09:00:00,0
1087,Marketing,Software,220.79,2023-02-02 10:00:00,0
1087,HR,Meals,207.21,2023-02-02 11:00:00,0
1082,Marketing,Other,143.61,2023-02-02 12:00:00,0
1072,Engineering,Other,353.33,2023-02-02 13:00:00,0
1091,Engineering,Other,213.05,2023-02-02 14:00:00,0
1048,Engineering,Meals,199.27,2023-02-02 15:00:00,0
1052,HR,Supplies,201.45,2023-02-02 16:00:00,0
1086,Engineering,Meals,903.0500000000001,2023-02-02 17:00:00,1
1002,Finance,Other,278.94,2023-02-02 18:00:00,0
1055,Finance,Supplies,187.18,2023-02-02 19:00:00,0
1040,Finance,Travel,153.86,2023-02-02 20:00:00,0
1061,HR,Other,110.54,2023-02-02 21:00:00,0
1069,HR,Travel,159.74,2023-02-02 22:00:00,0
1059,Finance,Travel,219.68,2023-02-02 23:00:00,0
1058,Engineering,Travel,154.81,2023-02-03 00:00:00,0
1025,Finance,Supplies,101.82,2023-02-03 01:00:00,0
1014,Finance,Travel,193.01,2023-02-03 02:00:00,0
1071,Finance,Supplies,309.46,2023-02-03 03:00:00,0
1030,Finance,Software,225.55,2023-02-03 04:00:00,0
1017,Engineering,Supplies,260.62,2023-02-03 05:00:00,0
1031,Engineering,Meals,240.67,2023-02-03 06:00:00,0
1066,Engineering,Supplies,253.39,2023-02-03 07:00:00,0
1018,Marketing,Software,174.01,2023-02-03 08:00:00,0
1080,Engineering,Meals,95.78,2023-02-03 09:00:00,0
1020,Marketing,Travel,249.62,2023-02-03 10:00:00,0
1073,Engineering,Software,236.07,2023-02-03 11:00:00,0
1084,Finance,Meals,140.36,2023-02-03 12:00:00,0
1077,Marketing,Supplies,293.53,2023-02-03 13:00:00,0
1080,HR,Meals,202.36,2023-02-03 14:00:00,0
1007,Marketing,Other,209.07,2023-02-03 15:00:00,0
1025,Marketing,Software,179.43,2023-02-03 16:00:00,0
1008,HR,Software,232.98,2023-02-03 17:00:00,0
1070,HR,Travel,1480.5500000000002,2023-02-03 18:00:00,1
1066,Marketing,Software,221.31,2023-02-03 19:00:00,0
1075,Marketing,Other,202.36,2023-02-03 20:00:00,0
1009,Finance,Other,273.88,2023-02-03 21:00:00,0
1051,Engineering,Supplies,170.96,2023-02-03 22:00:00,0
1089,Engineering,Travel,152.98,2023-02-03 23:00:00,0
1073,Marketing,Other,255.58,2023-02-04 00:00:00,0
1084,HR,Travel,208.92,2023-02-04 01:00:00,0
1021,Finance,Meals,225.4,2023-02-04 02:00:00,0
1018,Marketing,Meals,204.96,2023-02-04 03:00:00,0
1026,Finance,Other,234.74,2023-02-04 04:00:00,0
1096,Marketing,Other,201.82,2023-02-04 05:00:00,0
1030,Engineering,Meals,166.21,2023-02-04 06:00:00,0
1084,Marketing,Travel,117.62,2023-02-04 07:00:00,0
1001,HR,Supplies,257.49,2023-02-04 08:00:00,0
1050,Marketing,Meals,261.03,2023-02-04 09:00:00,0
1017,Marketing,Other,120.39,2023-02-04 10:00:00,0
1031,Marketing,Meals,220.57,2023-02-04 11:00:00,0
1091,Engineering,Other,239.96,2023-02-04 12:00:00,0
1012,Engineering,Software,287.96,2023-02-04 13:00:00,0
1005,HR,Travel,167.82,2023-02-04 14:00:00,0
1072,HR,Software,202.73,2023-02-04 15:00:00,0
1066,HR,Supplies,268.04,2023-02-04 16:00:00,0
1019,Marketing,Supplies,45.23,2023-02-04 17:00:00,0
1094,HR,Supplies,184.21,2023-02-04 18:00:00,0
1087,Marketing,Meals,266.25,2023-02-04 19:00:00,0
1091,Engineering,Software,110.26,2023-02-04 20:00:00,0
1068,Engineering,Supplies,219.39,2023-02-04 21:00:00,0
1055,Engineering,Software,261.55,2023-02-04 22:00:00,0
1052,Marketing,Other,252.86,2023-02-04 23:00:00,0
1034,Engineering,Meals,153.07,2023-02-05 00:00:00,0
1083,Finance,Travel,204.05,2023-02-05 01:00:00,0
1070,Finance,Meals,230.02,2023-02-05 02:00:00,0
1011,Marketing,Travel,139.79,2023-02-05 03:00:00,0
1000,HR,Supplies,154.68,2023-02-05 04:00:00,0
1014,Marketing,Supplies,196.89,2023-02-05 05:00:00,0
1088,Finance,Travel,246.58,2023-02-05 06:00:00,0
1018,Engineering,Software,166.56,2023-02-05 07:00:00,0
1062,HR,Software,279.54,2023-02-05 08:00:00,0
1088,Marketing,Other,152.95,2023-02-05 09:00:00,0
1085,Marketing,Software,250.18,2023-02-05 10:00:00,0
1049,Engineering,Other,177.88,2023-02-05 11:00:00,0
1019,HR,Meals,171.27,2023-02-05 12:00:00,0
1098,HR,Software,787.1500000000001,2023-02-05 13:00:00,1
1071,HR,Software,148.46,2023-02-05 14:00:00,0
1058,Engineering,Travel,215.44,2023-02-05 15:00:00,0
1005,Engineering,Software,226.55,2023-02-05 16:00:00,0
1012,HR,Supplies,169.41,2023-02-05 17:00:00,0
1014,Finance,Other,225.52,2023-02-05 18:00:00,0
1094,Engineering,Travel,158.43,2023-02-05 19:00:00,0
1019,Marketing,Meals,107.53,2023-02-05 20:00:00,0
1064,Engineering,Travel,181.82,2023-02-05 21:00:00,0
1042,Finance,Travel,835.9000000000001,2023-02-05 22:00:00,1
1077,Marketing,Other,158.44,2023-02-05 23:00:00,0
1046,Marketing,Meals,176.58,2023-02-06 00:00:00,0
1067,HR,Travel,169.25,2023-02-06 01:00:00,0
1092,HR,Travel,119.42,2023-02-06 02:00:00,0
1065,Finance,Meals,188.1,2023-02-06 03:00:00,0
1084,Engineering,Software,327.73,2023-02-06 04:00:00,0
1061,HR,Supplies,192.61,2023-02-06 05:00:00,0
1024,HR,Travel,120.67,2023-02-06 06:00:00,0
1063,Marketing,Supplies,225.19,2023-02-06 07:00:00,0
1057,HR,Travel,216.72,2023-02-06 08:00:00,0
1096,Marketing,Travel,219.81,2023-02-06 09:00:00,0
1012,HR,Supplies,158.5,2023-02-06 10:00:00,0
1089,Marketing,Software,198.74,2023-02-06 11:00:00,0
1061,Finance,Other,300.13,2023-02-06 12:00:00,0
1046,Marketing,Supplies,241.46,2023-02-06 13:00:00,0
1072,Engineering,Travel,226.93,2023-02-06 14:00:00,0
1086,Finance,Other,263.49,2023-02-06 15:00:00,0
1003,Finance,Meals,214.76,2023-02-06 16:00:00,0
1004,Finance,Meals,223.53,2023-02-06 17:00:00,0
1064,Marketing,Other,165.91,2023-02-06 18:00:00,0
1009,Finance,Meals,140.05,2023-02-06 19:00:00,0
1011,HR,Software,129.87,2023-02-06 20:00:00,0
1042,Finance,Other,209.46,2023-02-06 21:00:00,0
1081,HR,Other,130.94,2023-02-06 22:00:00,0
1098,Marketing,Other,182.98,2023-02-06 23:00:00,0
1081,HR,Meals,233.46,2023-02-07 00:00:00,0
1047,HR,Software,144.97,2023-02-07 01:00:00,0
1014,HR,Supplies,171.15,2023-02-07 02:00:00,0
1007,Finance,Supplies,215.39,2023-02-07 03:00:00,0
1007,Engineering,Other,197.34,2023-02-07 04:00:00,0
1078,Finance,Meals,211.42,2023-02-07 05:00:00,0
1073,Marketing,Supplies,251.48,2023-02-07 06:00:00,0
1000,Engineering,Software,100.26,2023-02-07 07:00:00,0
1078,HR,Travel,129.22,2023-02-07 08:00:00,0
1002,Finance,Travel,119.37,2023-02-07 09:00:00,0
1032,Marketing,Supplies,253.12,2023-02-07 10:00:00,0
1021,HR,Other,257.52,2023-02-07 11:00:00,0
1089,Marketing,Other,139.53,2023-02-07 12:00:00,0
1091,Engineering,Other,292.79,2023-02-07 13:00:00,0
1083,Finance,Meals,229.31,2023-02-07 14:00:00,0
1058,Marketing,Meals,223.74,2023-02-07 15:00:00,0
1075,HR,Other,195.69,2023-02-07 16:00:00,0
1022,Finance,Software,270.97,2023-02-07 17:00:00,0
1044,Engineering,Software,230.11,2023-02-07 18:00:00,0
1030,Finance,Meals,210.94,2023-02-07 19:00:00,0
1020,Marketing,Travel,168.58,2023-02-07 20:00:00,0
1006,Marketing,Meals,106.45,2023-02-07 21:00:00,0
1083,Engineering,Travel,128.03,2023-02-07 22:00:00,0
1098,HR,Software,212.86,2023-02-07 23:00:00,0
1006,Engineering,Supplies,203.16,2023-02-08 00:00:00,0
1069,Marketing,Travel,187.26,2023-02-08 01:00:00,0
1015,Engineering,Other,130.45,2023-02-08 02:00:00,0
1058,HR,Travel,166.25,2023-02-08 03:00:00,0
1039,Marketing,Meals,241.93,2023-02-08 04:00:00,0
1037,Finance,Supplies,233.28,2023-02-08 05:00:00,0
1077,HR,Supplies,69.71,2023-02-08 06:00:00,0
1085,HR,Travel,245.26,2023-02-08 07:00:00,0
1038,Finance,Other,240.04,2023-02-08 08:00:00,0
1010,Engineering,Travel,117.33,2023-02-08 09:00:00,0
1090,Marketing,Software,175.94,2023-02-08 10:00:00,0
1099,Engineering,Meals,204.39,2023-02-08 11:00:00,0
1066,Engineering,Supplies,211.28,2023-02-08 12:00:00,0
1056,Marketing,Travel,234.79,2023-02-08 13:00:00,0
1046,Engineering,Supplies,237.03,2023-02-08 14:00:00,0
1035,Marketing,Software,237.12,2023-02-08 15:00:00,0
1074,HR,Supplies,228.41,2023-02-08 16:00:00,0
1092,Engineering,Supplies,212.28,2023-02-08 17:00:00,0
1030,HR,Supplies,242.49,2023-02-08 18:00:00,0
1063,Engineering,Travel,212.08,2023-02-08 19:00:00,0
1036,Finance,Software,227.24,2023-02-08 20:00:00,0
1012,Engineering,Supplies,177.93,2023-02-08 21:00:00,0
1020,Engineering,Meals,346.32,2023-02-08 22:00:00,0
1019,Engineering,Meals,284.32,2023-02-08 23:00:00,0
1085,HR,Meals,242.9,2023-02-09 00:00:00,0
1024,Finance,Software,126.05,2023-02-09 01:00:00,0
1057,HR,Other,278.93,2023-02-09 02:00:00,0
1022,Finance,Supplies,148.74,2023-02-09 03:00:00,0
1059,Engineering,Other,71.63,2023-02-09 04:00:00,0
1056,Engineering,Travel,208.77,2023-02-09 05:00:00,0
1057,Engineering,Other,273.88,2023-02-09 06:00:00,0
1011,Engineering,Supplies,195.99,2023-02-09 07:00:00,0
1007,Finance,Meals,238.66,2023-02-09 08:00:00,0
1097,Marketing,Supplies,255.84,2023-02-09 09:00:00,0
1063,Marketing,Supplies,172.65,2023-02-09 10:00:00,0
1090,Marketing,Software,229.18,2023-02-09 11:00:00,0
1016,Engineering,Travel,247.84,2023-02-09 12:00:00,0
1054,Finance,Supplies,120.07,2023-02-09 13:00:00,0
1090,HR,Meals,256.29,2023-02-09 14:00:00,0
1091,HR,Supplies,124.19,2023-02-09 15:00:00,0
1037,Finance,Meals,145.23,2023-02-09 16:00:00,0
1064,HR,Supplies,70.2,2023-02-09 17:00:00,0
1096,HR,Other,162.51,2023-02-09 18:00:00,0
1045,Marketing,Software,122.62,2023-02-09 19:00:00,0
1023,Marketing,Supplies,878.1,2023-02-09 20:00:00,1
1003,HR,Meals,226.05,2023-02-09 21:00:00,0
1016,Engineering,Supplies,1310.1,2023-02-09 22:00:00,1
1042,Finance,Travel,114.71,2023-02-09 23:00:00,0
1083,Marketing,Supplies,182.97,2023-02-10 00:00:00,0
1045,HR,Meals,292.95,2023-02-10 01:00:00,0
1054,Finance,Other,184.03,2023-02-10 02:00:00,0
1046,Marketing,Supplies,147.08,2023-02-10 03:00:00,0
1001,Engineering,Software,170.16,2023-02-10 04:00:00,0
1060,Finance,Software,208.8,2023-02-10 05:00:00,0
1035,Finance,Other,207.14,2023-02-10 06:00:00,0
1083,Engineering,Travel,181.46,2023-02-10 07:00:00,0
1008,Finance,Other,240.33,2023-02-10 08:00:00,0
1089,HR,Travel,329.09,2023-02-10 09:00:00,0
1049,Finance,Supplies,219.55,2023-02-10 10:00:00,0
1012,Marketing,Meals,213.54,2023-02-10 11:00:00,0
1077,Engineering,Meals,132.76,2023-02-10 12:00:00,0
1044,HR,Other,147.5,2023-02-10 13:00:00,0
1074,Marketing,Other,201.01,2023-02-10 14:00:00,0
1008,Marketing,Software,950.5,2023-02-10 15:00:00,1
1088,Finance,Supplies,284.18,2023-02-10 16:00:00,0
1001,Marketing,Software,162.6,2023-02-10 17:00:00,0
1064,Finance,Supplies,270.66,2023-02-10 18:00:00,0
1001,HR,Supplies,163.27,2023-02-10 19:00:00,0
1035,Engineering,Supplies,179.75,2023-02-10 20:00:00,0
1046,HR,Meals,189.79,2023-02-10 21:00:00,0
1023,Marketing,Meals,162.72,2023-02-10 22:00:00,0
1018,Marketing,Meals,189.41,2023-02-10 23:00:00,0
1076,Finance,Supplies,189.69,2023-02-11 00:00:00,0
1032,Engineering,Supplies,183.09,2023-02-11 01:00:00,0
1069,Marketing,Travel,252.75,2023-02-11 02:00:00,0
1099,Engineering,Meals,257.33,2023-02-11 03:00:00,0
1087,Finance,Travel,156.74,2023-02-11 04:00:00,0
1083,HR,Travel,1118.75,2023-02-11 05:00:00,1
1070,HR,Software,162.48,2023-02-11 06:00:00,0
1001,Finance,Travel,240.49,2023-02-11 07:00:00,0
1014,Finance,Software,1130.8,2023-02-11 08:00:00,1
1065,Marketing,Meals,226.33,2023-02-11 09:00:00,0
1078,Finance,Other,235.98,2023-02-11 10:00:00,0
1018,Marketing,Travel,183.4,2023-02-11 11:00:00,0
1009,HR,Other,1281.2,2023-02-11 12:00:00,1
1092,HR,Other,218.9,2023-02-11 13:00:00,0
1082,Marketing,Travel,151.82,2023-02-11 14:00:00,0
1092,HR,Travel,201.09,2023-02-11 15:00:00,0
1039,Finance,Other,184.73,2023-02-11 16:00:00,0
1039,HR,Travel,236.51,2023-02-11 17:00:00,0
1013,Marketing,Other,121.76,2023-02-11 18:00:00,0
1022,HR,Travel,151.02,2023-02-11 19:00:00,0
1062,HR,Meals,243.0,2023-02-11 20:00:00,0
1073,HR,Travel,201.42,2023-02-11 21:00:00,0
1018,Marketing,Travel,165.83,2023-02-11 22:00:00,0
1006,Marketing,Supplies,171.42,2023-02-11 23:00:00,0
1034,Marketing,Other,113.42,2023-02-12 00:00:00,0
1047,Marketing,Supplies,248.49,2023-02-12 01:00:00,0
1056,HR,Other,129.6,2023-02-12 02:00:00,0
1061,HR,Supplies,234.7,2023-02-12 03:00:00,0
1047,Marketing,Other,213.19,2023-02-12 04:00:00,0
1011,Engineering,Travel,217.15,2023-02-12 05:00:00,0
1018,Engineering,Supplies,273.62,2023-02-12 06:00:00,0
1027,Finance,Supplies,193.71,2023-02-12 07:00:00,0
1021,Engineering,Other,293.59,2023-02-12 08:00:00,0
1089,Finance,Supplies,183.04,2023-02-12 09:00:00,0
1091,Marketing,Other,149.88,2023-02-12 10:00:00,0
1046,HR,Supplies,180.59,2023-02-12 11:00:00,0
1096,Engineering,Travel,1131.2,2023-02-12 12:00:00,1
1074,Finance,Supplies,171.85,2023-02-12 13:00:00,0
1022,Marketing,Supplies,207.06,2023-02-12 14:00:00,0
1049,Finance,Supplies,218.36,2023-02-12 15:00:00,0
1046,Marketing,Supplies,248.29,2023-02-12 16:00:00,0
1092,HR,Meals,207.25,2023-02-12 17:00:00,0
1058,Marketing,Meals,184.75,2023-02-12 18:00:00,0
1038,HR,Software,199.55,2023-02-12 19:00:00,0
1078,HR,Software,241.96,2023-02-12 20:00:00,0
1025,Engineering,Other,104.73,2023-02-12 21:00:00,0
1088,HR,Travel,250.21,2023-02-12 22:00:00,0
1018,Engineering,Travel,255.98,2023-02-12 23:00:00,0
1064,Engineering,Other,200.57,2023-02-13 00:00:00,0
1009,HR,Travel,155.06,2023-02-13 01:00:00,0
1016,Engineering,Supplies,177.64,2023-02-13 02:00:00,0
1098,Finance,Supplies,73.77,2023-02-13 03:00:00,0
1008,HR,Software,206.88,2023-02-13 04:00:00,0
1025,Engineering,Supplies,264.88,2023-02-13 05:00:00,0
1028,Finance,Travel,202.46,2023-02-13 06:00:00,0
1069,Finance,Supplies,158.42,2023-02-13 07:00:00,0
1075,HR,Other,245.99,2023-02-13 08:00:00,0
1046,Finance,Other,207.47,2023-02-13 09:00:00,0
1028,HR,Other,130.12,2023-02-13 10:00:00,0
1066,Engineering,Software,177.69,2023-02-13 11:00:00,0
1079,HR,Meals,190.75,2023-02-13 12:00:00,0
1031,HR,Other,142.38,2023-02-13 13:00:00,0
1011,Marketing,Supplies,208.99,2023-02-13 14:00:00,0
1054,HR,Meals,293.57,2023-02-13 15:00:00,0
1056,Finance,Other,131.36,2023-02-13 16:00:00,0
1004,Marketing,Other,194.06,2023-02-13 17:00:00,0
1000,HR,Meals,233.61,2023-02-13 18:00:00,0
1026,HR,Meals,197.19,2023-02-13 19:00:00,0
1072,Engineering,Other,200.09,2023-02-13 20:00:00,0
1096,Finance,Travel,241.65,2023-02-13 21:00:00,0
1025,HR,Supplies,299.84,2023-02-13 22:00:00,0
1039,HR,Software,252.8,2023-02-13 23:00:00,0
1092,HR,Meals,175.52,2023-02-14 00:00:00,0
1041,Engineering,Meals,165.0,2023-02-14 01:00:00,0
1086,Engineering,Travel,56.94,2023-02-14 02:00:00,0
1041,HR,Supplies,164.72,2023-02-14 03:00:00,0
1048,Engineering,Supplies,1367.45,2023-02-14 04:00:00,1
1092,Finance,Other,182.69,2023-02-14 05:00:00,0
1066,HR,Meals,186.11,2023-02-14 06:00:00,0
1068,Finance,Travel,193.34,2023-02-14 07:00:00,0
1041,Engineering,Supplies,199.22,2023-02-14 08:00:00,0
1093,HR,Meals,148.26,2023-02-14 09:00:00,0
1060,Finance,Travel,198.11,2023-02-14 10:00:00,0
1099,HR,Supplies,241.81,2023-02-14 11:00:00,0
1065,HR,Supplies,128.67,2023-02-14 12:00:00,0
1063,Engineering,Meals,148.99,2023-02-14 13:00:00,0
1097,HR,Supplies,209.41,2023-02-14 14:00:00,0
1049,Engineering,Supplies,288.23,2023-02-14 15:00:00,0
1000,Marketing,Other,223.44,2023-02-14 16:00:00,0
1038,Finance,Meals,286.14,2023-02-14 17:00:00,0
1025,Engineering,Supplies,281.38,2023-02-14 18:00:00,0
1038,Engineering,Software,170.43,2023-02-14 19:00:00,0
1004,HR,Meals,196.7,2023-02-14 20:00:00,0
1070,Engineering,Meals,96.39,2023-02-14 21:00:00,0
1006,Marketing,Meals,160.48,2023-02-14 22:00:00,0
1068,Finance,Supplies,183.99,2023-02-14 23:00:00,0
1001,Marketing,Travel,155.62,2023-02-15 00:00:00,0
1003,Marketing,Other,319.27,2023-02-15 01:00:00,0
1021,Finance,Other,225.62,2023-02-15 02:00:00,0
1035,Engineering,Supplies,266.2,2023-02-15 03:00:00,0
1012,Marketing,Travel,271.57,2023-02-15 04:00:00,0
1048,Finance,Meals,224.84,2023-02-15 05:00:00,0
1097,Marketing,Other,182.86,2023-02-15 06:00:00,0
1027,HR,Software,183.87,2023-02-15 07:00:00,0
1091,HR,Supplies,243.67,2023-02-15 08:00:00,0
1003,Engineering,Software,208.15,2023-02-15 09:00:00,0
1082,Marketing,Supplies,186.91,2023-02-15 10:00:00,0
1020,Marketing,Other,186.9,2023-02-15 11:00:00,0
1053,HR,Meals,199.22,2023-02-15 12:00:00,0
1027,Marketing,Meals,240.94,2023-02-15 13:00:00,0
1079,HR,Travel,272.63,2023-02-15 14:00:00,0
1081,Finance,Other,229.84,2023-02-15 15:00:00,0
1017,Engineering,Meals,195.13,2023-02-15 16:00:00,0
1087,HR,Travel,153.39,2023-02-15 17:00:00,0
1082,Finance,Other,184.06,2023-02-15 18:00:00,0
1013,HR,Meals,215.5,2023-02-15 19:00:00,0
1052,Marketing,Other,198.82,2023-02-15 20:00:00,0
1018,Engineering,Supplies,221.57,2023-02-15 21:00:00,0
1027,Engineering,Software,272.14,2023-02-15 22:00:00,0
1081,Engineering,Software,153.27,2023-02-15 23:00:00,0
1092,HR,Supplies,179.13,2023-02-16 00:00:00,0
1004,HR,Supplies,269.47,2023-02-16 01:00:00,0
1093,Finance,Meals,178.88,2023-02-16 02:00:00,0
1097,Finance,Meals,103.97,2023-02-16 03:00:00,0
1028,Marketing,Travel,134.71,2023-02-16 04:00:00,0
1088,Finance,Supplies,193.68,2023-02-16 05:00:00,0
1084,Marketing,Other,268.13,2023-02-16 06:00:00,0
1078,Marketing,Meals,242.35,2023-02-16 07:00:00,0
1051,Marketing,Meals,215.05,2023-02-16 08:00:00,0
1042,Finance,Meals,179.65,2023-02-16 09:00:00,0
1014,Marketing,Supplies,222.58,2023-02-16 10:00:00,0
1007,HR,Other,224.54,2023-02-16 11:00:00,0
1085,Engineering,Meals,150.71,2023-02-16 12:00:00,0
1050,Marketing,Travel,183.38,2023-02-16 13:00:00,0
1064,Engineering,Other,188.34,2023-02-16 14:00:00,0
1014,Finance,Supplies,292.31,2023-02-16 15:00:00,0
1025,Engineering,Other,118.8,2023-02-16 16:00:00,0
1058,HR,Supplies,261.35,2023-02-16 17:00:00,0
1079,HR,Other,166.19,2023-02-16 18:00:00,0
1059,Finance,Other,110.2,2023-02-16 19:00:00,0
1057,Engineering,Other,149.15,2023-02-16 20:00:00,0
1091,HR,Meals,92.43,2023-02-16 21:00:00,0
1004,Marketing,Supplies,240.74,2023-02-16 22:00:00,0
1081,HR,Travel,227.71,2023-02-16 23:00:00,0
1085,HR,Meals,180.7,2023-02-17 00:00:00,0
1081,Engineering,Supplies,169.39,2023-02-17 01:00:00,0
1055,Engineering,Meals,243.3,2023-02-17 02:00:00,0
1096,Marketing,Supplies,181.32,2023-02-17 03:00:00,0
1085,Engineering,Travel,196.16,2023-02-17 04:00:00,0
1022,Engineering,Meals,256.06,2023-02-17 05:00:00,0
1081,HR,Software,222.43,2023-02-17 06:00:00,0
1037,Marketing,Other,142.29,2023-02-17 07:00:00,0
1050,Finance,Supplies,990.5,2023-02-17 08:00:00,1
1052,HR,Software,223.7,2023-02-17 09:00:00,0
1003,HR,Other,227.4,2023-02-17 10:00:00,0
1005,Engineering,Other,159.98,2023-02-17 11:00:00,0
1009,Marketing,Meals,251.03,2023-02-17 12:00:00,0
1051,Engineering,Software,92.92,2023-02-17 13:00:00,0
1095,Marketing,Other,205.84,2023-02-17 14:00:00,0
1005,Finance,Travel,205.68,2023-02-17 15:00:00,0
1059,HR,Other,226.21,2023-02-17 16:00:00,0
1072,Engineering,Travel,246.06,2023-02-17 17:00:00,0
1003,Engineering,Other,193.3,2023-02-17 18:00:00,0
1020,Engineering,Supplies,200.35,2023-02-17 19:00:00,0
1036,HR,Software,180.52,2023-02-17 20:00:00,0
1015,HR,Supplies,183.17,2023-02-17 21:00:00,0
1097,Engineering,Other,173.68,2023-02-17 22:00:00,0
1071,Engineering,Software,275.76,2023-02-17 23:00:00,0
1045,HR,Software,217.08,2023-02-18 00:00:00,0
1011,Finance,Meals,145.58,2023-02-18 01:00:00,0
1074,HR,Meals,117.49,2023-02-18 02:00:00,0
1049,Engineering,Travel,254.62,2023-02-18 03:00:00,0
1082,Finance,Other,138.89,2023-02-18 04:00:00,0
1022,Marketing,Supplies,114.91,2023-02-18 05:00:00,0
1034,HR,Other,315.19,2023-02-18 06:00:00,0
1032,Engineering,Software,147.22,2023-02-18 07:00:00,0
1056,Engineering,Other,236.07,2023-02-18 08:00:00,0
1004,HR,Travel,204.44,2023-02-18 09:00:00,0
1088,HR,Software,152.18,2023-02-18 10:00:00,0
1011,Engineering,Supplies,251.18,2023-02-18 11:00:00,0
1066,HR,Other,156.92,2023-02-18 12:00:00,0
1061,Marketing,Supplies,228.79,2023-02-18 13:00:00,0
1079,Engineering,Supplies,142.93,2023-02-18 14:00:00,0
1047,HR,Meals,235.6,2023-02-18 15:00:00,0
1025,HR,Travel,171.71,2023-02-18 16:00:00,0
1025,Engineering,Supplies,186.13,2023-02-18 17:00:00,0
1065,HR,Meals,221.93,2023-02-18 18:00:00,0
1010,HR,Travel,147.71,2023-02-18 19:00:00,0
1066,Marketing,Supplies,215.91,2023-02-18 20:00:00,0
1029,Engineering,Meals,146.46,2023-02-18 21:00:00,0
1037,Engineering,Travel,154.05,2023-02-18 22:00:00,0
1037,HR,Other,176.39,2023-02-18 23:00:00,0
1023,Finance,Supplies,235.38,2023-02-19 00:00:00,0
1004,Marketing,Meals,202.52,2023-02-19 01:00:00,0
1039,Marketing,Meals,188.84,2023-02-19 02:00:00,0
1027,HR,Software,197.78,2023-02-19 03:00:00,0
1091,Finance,Meals,192.32,2023-02-19 04:00:00,0
1075,Engineering,Supplies,320.29,2023-02-19 05:00:00,0
1064,Engineering,Travel,198.27,2023-02-19 06:00:00,0
1027,Finance,Travel,237.32,2023-02-19 07:00:00,0
1047,Engineering,Meals,230.21,2023-02-19 08:00:00,0
1071,HR,Software,253.48,2023-02-19 09:00:00,0
1011,Engineering,Other,217.22,2023-02-19 10:00:00,0
1065,Marketing,Travel,164.52,2023-02-19 11:00:00,0
1038,Finance,Other,181.17,2023-02-19 12:00:00,0
1002,Marketing,Software,190.91,2023-02-19 13:00:00,0
1062,Marketing,Supplies,259.7,2023-02-19 14:00:00,0
1062,Marketing,Other,243.37,2023-02-19 15:00:00,0
1088,HR,Travel,155.44,2023-02-19 16:00:00,0
1051,Engineering,Travel,139.46,2023-02-19 17:00:00,0
1041,Engineering,Other,176.44,2023-02-19 18:00:00,0
1057,Engineering,Software,236.88,2023-02-19 19:00:00,0
1071,HR,Travel,177.14,2023-02-19 20:00:00,0
1095,Finance,Supplies,233.21,2023-02-19 21:00:00,0
1011,Marketing,Software,183.34,2023-02-19 22:00:00,0
1028,Finance,Travel,271.68,2023-02-19 23:00:00,0
1048,Engineering,Supplies,192.37,2023-02-20 00:00:00,0
1070,Marketing,Other,195.16,2023-02-20 01:00:00,0
1013,Engineering,Supplies,216.71,2023-02-20 02:00:00,0
1009,Marketing,Meals,194.77,2023-02-20 03:00:00,0
1066,Finance,Other,192.01,2023-02-20 04:00:00,0
1009,HR,Software,175.6,2023-02-20 05:00:00,0
1005,Marketing,Software,254.11,2023-02-20 06:00:00,0
1031,HR,Meals,203.26,2023-02-20 07:00:00,0
1021,HR,Other,158.2,2023-02-20 08:00:00,0
1088,Engineering,Software,187.07,2023-02-20 09:00:00,0
1070,Marketing,Travel,215.43,2023-02-20 10:00:00,0
1005,Marketing,Other,204.5,2023-02-20 11:00:00,0
1069,HR,Meals,1272.35,2023-02-20 12:00:00,1
1070,Marketing,Other,189.27,2023-02-20 13:00:00,0
1045,Marketing,Travel,218.67,2023-02-20 14:00:00,0
1057,Marketing,Meals,258.27,2023-02-20 15:00:00,0
1023,Marketing,Supplies,255.21,2023-02-20 16:00:00,0
1070,HR,Meals,255.74,2023-02-20 17:00:00,0
1057,Finance,Supplies,214.23,2023-02-20 18:00:00,0
1041,Marketing,Travel,220.91,2023-02-20 19:00:00,0
1066,HR,Other,178.02,2023-02-20 20:00:00,0
1025,Finance,Other,212.68,2023-02-20 21:00:00,0
1039,Marketing,Supplies,213.03,2023-02-20 22:00:00,0
1045,Marketing,Other,182.02,2023-02-20 23:00:00,0
1035,Engineering,Software,114.37,2023-02-21 00:00:00,0
1013,HR,Travel,195.93,2023-02-21 01:00:00,0
1094,HR,Travel,207.22,2023-02-21 02:00:00,0
1081,HR,Meals,188.71,2023-02-21 03:00:00,0
1073,Engineering,Other,269.5,2023-02-21 04:00:00,0
1020,Marketing,Supplies,213.82,2023-02-21 05:00:00,0
1055,Marketing,Supplies,191.61,2023-02-21 06:00:00,0
1016,HR,Meals,101.55,2023-02-21 07:00:00,0
1084,HR,Travel,221.03,2023-02-21 08:00:00,0
1038,HR,Supplies,173.49,2023-02-21 09:00:00,0
1060,Finance,Software,135.66,2023-02-21 10:00:00,0
1097,Engineering,Meals,258.31,2023-02-21 11:00:00,0
1028,Marketing,Meals,150.21,2023-02-21 12:00:00,0
1089,Marketing,Other,211.74,2023-02-21 13:00:00,0
1010,Marketing,Supplies,158.82,2023-02-21 14:00:00,0
1060,HR,Other,118.53,2023-02-21 15:00:00,0
1057,Engineering,Other,204.87,2023-02-21 16:00:00,0
1032,Marketing,Travel,189.34,2023-02-21 17:00:00,0
1099,Marketing,Supplies,289.02,2023-02-21 18:00:00,0
1016,Engineering,Other,324.62,2023-02-21 19:00:00,0
1058,HR,Software,192.79,2023-02-21 20:00:00,0
1046,Marketing,Meals,252.71,2023-02-21 21:00:00,0
1056,Finance,Software,202.17,2023-02-21 22:00:00,0
1043,Engineering,Software,168.58,2023-02-21 23:00:00,0
1077,HR,Software,259.73,2023-02-22 00:00:00,0
1055,Marketing,Supplies,209.5,2023-02-22 01:00:00,0
1086,Finance,Meals,194.56,2023-02-22 02:00:00,0
1040,Finance,Supplies,132.07,2023-02-22 03:00:00,0
1038,Finance,Other,233.13,2023-02-22 04:00:00,0
1060,Marketing,Travel,200.8,2023-02-22 05:00:00,0
1014,HR,Travel,158.1,2023-02-22 06:00:00,0
1037,HR,Meals,241.39,2023-02-22 07:00:00,0
1098,Marketing,Software,125.78,2023-02-22 08:00:00,0
1060,Finance,Software,184.76,2023-02-22 09:00:00,0
1092,Finance,Other,205.75,2023-02-22 10:00:00,0
1004,Finance,Supplies,258.41,2023-02-22 11:00:00,0
1092,HR,Travel,223.86,2023-02-22 12:00:00,0
1008,Finance,Supplies,207.07,2023-02-22 13:00:00,0
1031,HR,Meals,133.41,2023-02-22 14:00:00,0
1057,HR,Supplies,217.72,2023-02-22 15:00:00,0
1056,Engineering,Meals,196.91,2023-02-22 16:00:00,0
1007,HR,Other,202.04,2023-02-22 17:00:00,0
1000,Finance,Meals,181.6,2023-02-22 18:00:00,0
1012,HR,Other,247.66,2023-02-22 19:00:00,0
1024,Finance,Supplies,258.78,2023-02-22 20:00:00,0
1082,Engineering,Supplies,126.57,2023-02-22 21:00:00,0
1091,Finance,Meals,117.21,2023-02-22 22:00:00,0
1065,Engineering,Meals,226.89,2023-02-22 23:00:00,0
1013,Marketing,Meals,229.76,2023-02-23 00:00:00,0
1026,HR,Other,170.23,2023-02-23 01:00:00,0
1037,HR,Other,158.69,2023-02-23 02:00:00,0
1016,Finance,Supplies,175.46,2023-02-23 03:00:00,0
1098,HR,Other,257.58,2023-02-23 04:00:00,0
1040,Engineering,Software,250.45,2023-02-23 05:00:00,0
1082,HR,Other,255.73,2023-02-23 06:00:00,0
1003,HR,Software,176.33,2023-02-23 07:00:00,0
1064,Finance,Software,181.47,2023-02-23 08:00:00,0
1058,Marketing,Travel,95.02,2023-02-23 09:00:00,0
1030,Engineering,Travel,128.42,2023-02-23 10:00:00,0
1004,HR,Meals,324.82,2023-02-23 11:00:00,0
1076,Finance,Software,183.29,2023-02-23 12:00:00,0
1044,Finance,Meals,231.38,2023-02-23 13:00:00,0
1049,HR,Software,290.01,2023-02-23 14:00:00,0
1030,Engineering,Supplies,163.49,2023-02-23 15:00:00,0
1031,Marketing,Supplies,229.69,2023-02-23 16:00:00,0
1025,HR,Supplies,144.49,2023-02-23 17:00:00,0
1015,Finance,Other,593.05,2023-02-23 18:00:00,1
1014,Marketing,Travel,220.25,2023-02-23 19:00:00,0
1064,HR,Meals,249.11,2023-02-23 20:00:00,0
1013,Finance,Meals,215.71,2023-02-23 21:00:00,0
1013,Marketing,Software,122.04,2023-02-23 22:00:00,0
1041,Marketing,Other,236.76,2023-02-23 23:00:00,0
1025,Marketing,Meals,169.01,2023-02-24 00:00:00,0
1010,Finance,Supplies,66.83,2023-02-24 01:00:00,0
1074,Engineering,Travel,253.08,2023-02-24 02:00:00,0
1083,Engineering,Supplies,196.1,2023-02-24 03:00:00,0
1068,Marketing,Software,134.09,2023-02-24 04:00:00,0
1076,Marketing,Meals,251.3,2023-02-24 05:00:00,0
1022,Engineering,Travel,182.61,2023-02-24 06:00:00,0
1045,Finance,Software,267.61,2023-02-24 07:00:00,0
1027,Finance,Software,198.51,2023-02-24 08:00:00,0
1004,Finance,Travel,173.8,2023-02-24 09:00:00,0
1054,Finance,Software,197.52,2023-02-24 10:00:00,0
1079,Marketing,Travel,299.37,2023-02-24 11:00:00,0
1017,Marketing,Meals,102.53,2023-02-24 12:00:00,0
1024,HR,Software,187.72,2023-02-24 13:00:00,0
1066,Engineering,Supplies,198.34,2023-02-24 14:00:00,0
1064,Marketing,Supplies,158.72,2023-02-24 15:00:00,0
1039,Finance,Other,239.36,2023-02-24 16:00:00,0
1004,HR,Other,156.48,2023-02-24 17:00:00,0
1055,Engineering,Travel,162.34,2023-02-24 18:00:00,0
1070,Engineering,Travel,144.45,2023-02-24 19:00:00,0
1044,Finance,Other,287.69,2023-02-24 20:00:00,0
1015,HR,Travel,202.62,2023-02-24 21:00:00,0
1082,Engineering,Software,185.25,2023-02-24 22:00:00,0
1029,Marketing,Supplies,140.66,2023-02-24 23:00:00,0
1042,HR,Software,107.16,2023-02-25 00:00:00,0
1033,Engineering,Supplies,218.32,2023-02-25 01:00:00,0
1045,Engineering,Supplies,124.14,2023-02-25 02:00:00,0
1037,HR,Other,222.1,2023-02-25 03:00:00,0
1041,Engineering,Supplies,154.31,2023-02-25 04:00:00,0
1094,Engineering,Meals,168.07,2023-02-25 05:00:00,0
1085,Engineering,Software,258.61,2023-02-25 06:00:00,0
1092,Engineering,Meals,179.5,2023-02-25 07:00:00,0
1091,Finance,Meals,176.93,2023-02-25 08:00:00,0
1063,Engineering,Travel,226.02,2023-02-25 09:00:00,0
1038,Marketing,Meals,229.78,2023-02-25 10:00:00,0
1060,Marketing,Other,193.07,2023-02-25 11:00:00,0
1088,Engineering,Meals,177.56,2023-02-25 12:00:00,0
1095,HR,Supplies,193.94,2023-02-25 13:00:00,0
1038,Finance,Meals,185.09,2023-02-25 14:00:00,0
1093,Engineering,Meals,183.2,2023-02-25 15:00:00,0
1083,HR,Travel,268.87,2023-02-25 16:00:00,0
1036,Finance,Meals,231.63,2023-02-25 17:00:00,0
1019,Finance,Other,254.2,2023-02-25 18:00:00,0
1050,HR,Software,195.88,2023-02-25 19:00:00,0
1090,Engineering,Travel,327.15,2023-02-25 20:00:00,0
1039,Marketing,Travel,212.83,2023-02-25 21:00:00,0
1012,Marketing,Travel,197.77,2023-02-25 22:00:00,0
1007,Marketing,Software,160.51,2023-02-25 23:00:00,0
1047,HR,Supplies,213.19,2023-02-26 00:00:00,0
1055,HR,Supplies,246.27,2023-02-26 01:00:00,0
1079,Engineering,Travel,216.15,2023-02-26 02:00:00,0
1036,Engineering,Software,182.62,2023-02-26 03:00:00,0
1054,HR,Travel,211.16,2023-02-26 04:00:00,0
1065,Engineering,Travel,183.36,2023-02-26 05:00:00,0
1094,Marketing,Supplies,210.45,2023-02-26 06:00:00,0
1067,HR,Other,307.9,2023-02-26 07:00:00,0
1095,Finance,Travel,289.72,2023-02-26 08:00:00,0
1064,Engineering,Travel,269.54,2023-02-26 09:00:00,0
1004,HR,Meals,211.89,2023-02-26 10:00:00,0
1075,Engineering,Travel,196.37,2023-02-26 11:00:00,0
1080,Marketing,Travel,139.99,2023-02-26 12:00:00,0
1058,Finance,Travel,232.93,2023-02-26 13:00:00,0
1082,Finance,Meals,135.54,2023-02-26 14:00:00,0
1038,Marketing,Meals,276.21,2023-02-26 15:00:00,0
1001,Finance,Software,151.5,2023-02-26 16:00:00,0
1028,HR,Supplies,254.32,2023-02-26 17:00:00,0
1068,HR,Meals,195.6,2023-02-26 18:00:00,0
1049,Marketing,Other,240.16,2023-02-26 19:00:00,0
1009,Engineering,Travel,269.86,2023-02-26 20:00:00,0
1099,HR,Meals,143.07,2023-02-26 21:00:00,0
1078,Engineering,Software,223.22,2023-02-26 22:00:00,0
1074,Finance,Meals,133.21,2023-02-26 23:00:00,0
1057,Marketing,Software,223.63,2023-02-27 00:00:00,0
1099,HR,Meals,114.12,2023-02-27 01:00:00,0
1081,HR,Other,242.86,2023-02-27 02:00:00,0
1057,Marketing,Software,176.99,2023-02-27 03:00:00,0
1085,Engineering,Meals,229.39,2023-02-27 04:00:00,0
1050,Marketing,Other,232.28,2023-02-27 05:00:00,0
1074,Marketing,Other,122.22,2023-02-27 06:00:00,0
1065,HR,Supplies,967.45,2023-02-27 07:00:00,1
1083,HR,Meals,198.38,2023-02-27 08:00:00,0
1077,Marketing,Other,223.24,2023-02-27 09:00:00,0
1033,HR,Travel,268.06,2023-02-27 10:00:00,0
1086,Engineering,Travel,226.5,2023-02-27 11:00:00,0
1056,HR,Supplies,169.26,2023-02-27 12:00:00,0
1031,Finance,Software,136.46,2023-02-27 13:00:00,0
1062,Engineering,Other,233.83,2023-02-27 14:00:00,0
1030,Marketing,Supplies,164.09,2023-02-27 15:00:00,0
1046,Marketing,Software,140.77,2023-02-27 16:00:00,0
1094,Engineering,Supplies,270.48,2023-02-27 17:00:00,0
1052,Marketing,Other,260.37,2023-02-27 18:00:00,0
1047,HR,Travel,175.96,2023-02-27 19:00:00,0
1006,HR,Other,113.76,2023-02-27 20:00:00,0
1039,Engineering,Supplies,198.84,2023-02-27 21:00:00,0
1095,Engineering,Other,195.88,2023-02-27 22:00:00,0
1024,Engineering,Other,198.53,2023-02-27 23:00:00,0
1084,HR,Software,102.71,2023-02-28 00:00:00,0
1086,Finance,Meals,891.75,2023-02-28 01:00:00,1
1015,HR,Meals,107.3,2023-02-28 02:00:00,0
1019,Marketing,Meals,185.92,2023-02-28 03:00:00,0
1041,Finance,Travel,248.13,2023-02-28 04:00:00,0
1067,Marketing,Other,188.22,2023-02-28 05:00:00,0
1013,HR,Travel,326.37,2023-02-28 06:00:00,0
1008,Engineering,Software,128.35,2023-02-28 07:00:00,0
1022,Marketing,Supplies,183.35,2023-02-28 08:00:00,0
1010,HR,Software,147.46,2023-02-28 09:00:00,0
1049,Marketing,Software,2.76,2023-02-28 10:00:00,0
1008,Marketing,Other,205.68,2023-02-28 11:00:00,0
1052,Engineering,Meals,216.81,2023-02-28 12:00:00,0
1015,Finance,Meals,203.31,2023-02-28 13:00:00,0
1015,Engineering,Supplies,221.91,2023-02-28 14:00:00,0
1035,HR,Meals,250.86,2023-02-28 15:00:00,0
1006,Marketing,Software,188.55,2023-02-28 16:00:00,0
1034,Engineering,Travel,204.54,2023-02-28 17:00:00,0
1067,Marketing,Travel,111.31,2023-02-28 18:00:00,0
1097,Finance,Software,262.21,2023-02-28 19:00:00,0
1006,Finance,Other,160.85,2023-02-28 20:00:00,0
1030,Finance,Travel,159.19,2023-02-28 21:00:00,0
1060,Engineering,Supplies,145.85,2023-02-28 22:00:00,0
1005,HR,Travel,117.06,2023-02-28 23:00:00,0
1062,Finance,Travel,181.97,2023-03-01 00:00:00,0
1063,Engineering,Software,175.53,2023-03-01 01:00:00,0
1084,Finance,Other,195.06,2023-03-01 02:00:00,0
1016,Marketing,Meals,115.96,2023-03-01 03:00:00,0
1063,Finance,Supplies,265.23,2023-03-01 04:00:00,0
1026,Marketing,Supplies,181.28,2023-03-01 05:00:00,0
1075,Finance,Other,183.97,2023-03-01 06:00:00,0
1041,Engineering,Supplies,193.75,2023-03-01 07:00:00,0
1069,Finance,Other,105.12,2023-03-01 08:00:00,0
1041,Finance,Software,197.16,2023-03-01 09:00:00,0
1046,HR,Meals,92.32,2023-03-01 10:00:00,0
1061,HR,Supplies,230.48,2023-03-01 11:00:00,0
1063,Finance,Supplies,187.87,2023-03-01 12:00:00,0
1056,Engineering,Supplies,253.32,2023-03-01 13:00:00,0
1025,HR,Supplies,229.69,2023-03-01 14:00:00,0
1068,HR,Meals,225.74,2023-03-01 15:00:00,0
1006,Engineering,Software,207.26,2023-03-01 16:00:00,0
1072,Finance,Software,281.1,2023-03-01 17:00:00,0
1063,Finance,Meals,238.7,2023-03-01 18:00:00,0
1060,Finance,Travel,179.7,2023-03-01 19:00:00,0
1088,Finance,Travel,231.58,2023-03-01 20:00:00,0
1026,Marketing,Travel,178.72,2023-03-01 21:00:00,0
1050,Marketing,Other,261.25,2023-03-01 22:00:00,0
1030,Marketing,Software,295.21,2023-03-01 23:00:00,0
1062,Finance,Meals,164.63,2023-03-02 00:00:00,0
1029,Marketing,Travel,164.6,2023-03-02 01:00:00,0
1006,Engineering,Other,126.48,2023-03-02 02:00:00,0
1030,HR,Supplies,238.37,2023-03-02 03:00:00,0
1057,HR,Supplies,196.92,2023-03-02 04:00:00,0
1096,Finance,Travel,182.49,2023-03-02 05:00:00,0
1098,Engineering,Travel,230.58,2023-03-02 06:00:00,0
1090,HR,Other,177.58,2023-03-02 07:00:00,0
1031,Finance,Other,272.26,2023-03-02 08:00:00,0
1009,Finance,Software,162.11,2023-03-02 09:00:00,0
1099,HR,Software,185.26,2023-03-02 10:00:00,0
1030,HR,Software,193.13,2023-03-02 11:00:00,0
1048,Finance,Travel,210.56,2023-03-02 12:00:00,0
1002,HR,Meals,271.11,2023-03-02 13:00:00,0
1081,Marketing,Software,163.93,2023-03-02 14:00:00,0
1016,HR,Other,196.8,2023-03-02 15:00:00,0
1074,Finance,Other,259.0,2023-03-02 16:00:00,0
1092,HR,Meals,136.53,2023-03-02 17:00:00,0
1032,Marketing,Software,266.82,2023-03-02 18:00:00,0
1004,Engineering,Travel,144.74,2023-03-02 19:00:00,0
1000,Marketing,Meals,167.32,2023-03-02 20:00:00,0
1084,Finance,Other,171.12,2023-03-02 21:00:00,0
1058,HR,Other,235.55,2023-03-02 22:00:00,0
1009,Finance,Other,205.63,2023-03-02 23:00:00,0
1067,Marketing,Supplies,199.47,2023-03-03 00:00:00,0
1075,Marketing,Supplies,162.97,2023-03-03 01:00:00,0
1066,Finance,Supplies,225.57,2023-03-03 02:00:00,0
1097,Engineering,Other,137.19,2023-03-03 03:00:00,0
1030,HR,Travel,232.14,2023-03-03 04:00:00,0
1058,Marketing,Travel,307.77,2023-03-03 05:00:00,0
1014,Marketing,Other,1121.65,2023-03-03 06:00:00,1
1036,HR,Software,173.21,2023-03-03 07:00:00,0
1034,HR,Other,186.63,2023-03-03 08:00:00,0
1065,Marketing,Supplies,87.77,2023-03-03 09:00:00,0
1057,Engineering,Other,240.53,2023-03-03 10:00:00,0
1052,HR,Meals,199.22,2023-03-03 11:00:00,0
1024,Finance,Travel,174.55,2023-03-03 12:00:00,0
1001,Engineering,Supplies,228.56,2023-03-03 13:00:00,0
1004,HR,Other,164.87,2023-03-03 14:00:00,0
1075,Marketing,Meals,199.65,2023-03-03 15:00:00,0
1085,Engineering,Software,198.88,2023-03-03 16:00:00,0
1049,Finance,Meals,237.53,2023-03-03 17:00:00,0
1054,Marketing,Software,138.2,2023-03-03 18:00:00,0
1038,HR,Supplies,88.64,2023-03-03 19:00:00,0
1006,Engineering,Meals,214.06,2023-03-03 20:00:00,0
1049,HR,Software,169.63,2023-03-03 21:00:00,0
1083,Marketing,Other,153.3,2023-03-03 22:00:00,0
1042,Finance,Supplies,208.84,2023-03-03 23:00:00,0
1023,HR,Travel,217.68,2023-03-04 00:00:00,0
1010,Engineering,Supplies,239.41,2023-03-04 01:00:00,0
1046,Finance,Travel,272.01,2023-03-04 02:00:00,0
1048,HR,Travel,235.74,2023-03-04 03:00:00,0
1084,Engineering,Software,254.99,2023-03-04 04:00:00,0
1072,Engineering,Supplies,320.03,2023-03-04 05:00:00,0
1050,Marketing,Other,213.18,2023-03-04 06:00:00,0
1068,Marketing,Software,178.06,2023-03-04 07:00:00,0
1062,Marketing,Other,137.25,2023-03-04 08:00:00,0
1082,Marketing,Software,186.75,2023-03-04 09:00:00,0
1032,Marketing,Travel,94.78,2023-03-04 10:00:00,0
1047,Finance,Other,227.7,2023-03-04 11:00:00,0
1021,Marketing,Other,179.72,2023-03-04 12:00:00,0
1096,Finance,Software,162.6,2023-03-04 13:00:00,0
1060,Marketing,Supplies,152.63,2023-03-04 14:00:00,0
1048,Engineering,Meals,197.3,2023-03-04 15:00:00,0
1076,Marketing,Meals,773.0,2023-03-04 16:00:00,1
1042,Engineering,Supplies,120.44,2023-03-04 17:00:00,0
1007,Marketing,Other,233.99,2023-03-04 18:00:00,0
1076,Engineering,Supplies,223.93,2023-03-04 19:00:00,0
1064,Finance,Supplies,226.5,2023-03-04 20:00:00,0
1085,Marketing,Other,278.12,2023-03-04 21:00:00,0
1034,Engineering,Travel,152.19,2023-03-04 22:00:00,0
1046,Finance,Other,160.05,2023-03-04 23:00:00,0
1007,Finance,Meals,252.52,2023-03-05 00:00:00,0
1046,Engineering,Travel,206.97,2023-03-05 01:00:00,0
1077,Marketing,Other,222.68,2023-03-05 02:00:00,0
1052,Engineering,Other,256.8,2023-03-05 03:00:00,0
1070,HR,Travel,195.86,2023-03-05 04:00:00,0
1096,Engineering,Software,834.9,2023-03-05 05:00:00,1
1091,HR,Supplies,122.2,2023-03-05 06:00:00,0
1013,Marketing,Other,286.66,2023-03-05 07:00:00,0
1010,Engineering,Meals,267.32,2023-03-05 08:00:00,0
1030,Engineering,Other,199.48,2023-03-05 09:00:00,0
1066,Marketing,Meals,243.88,2023-03-05 10:00:00,0
1000,Engineering,Software,192.93,2023-03-05 11:00:00,0
1032,HR,Software,204.35,2023-03-05 12:00:00,0
1029,HR,Supplies,231.86,2023-03-05 13:00:00,0
1009,Marketing,Software,140.5,2023-03-05 14:00:00,0
1093,Engineering,Other,281.04,2023-03-05 15:00:00,0
1017,Marketing,Meals,233.83,2023-03-05 16:00:00,0
1075,Finance,Other,109.14,2023-03-05 17:00:00,0
1085,Marketing,Software,188.12,2023-03-05 18:00:00,0
1046,HR,Travel,218.45,2023-03-05 19:00:00,0
1069,Marketing,Software,91.26,2023-03-05 20:00:00,0
1068,Finance,Software,195.2,2023-03-05 21:00:00,0
1031,Engineering,Supplies,189.7,2023-03-05 22:00:00,0
1037,Marketing,Supplies,134.06,2023-03-05 23:00:00,0
1033,Finance,Software,166.12,2023-03-06 00:00:00,0
1028,HR,Travel,222.33,2023-03-06 01:00:00,0
1081,HR,Software,232.33,2023-03-06 02:00:00,0
1047,HR,Travel,185.14,2023-03-06 03:00:00,0
1079,Engineering,Meals,223.65,2023-03-06 04:00:00,0
1065,Marketing,Other,196.81,2023-03-06 05:00:00,0
1030,HR,Meals,255.41,2023-03-06 06:00:00,0
1084,Engineering,Meals,195.55,2023-03-06 07:00:00,0
1011,Finance,Other,160.76,2023-03-06 08:00:00,0
1048,Finance,Meals,247.99,2023-03-06 09:00:00,0
1064,Marketing,Software,128.22,2023-03-06 10:00:00,0
1077,Finance,Travel,217.65,2023-03-06 11:00:00,0
1068,Marketing,Other,189.8,2023-03-06 12:00:00,0
1027,Marketing,Supplies,111.97,2023-03-06 13:00:00,0
1037,Engineering,Supplies,211.71,2023-03-06 14:00:00,0
1018,HR,Meals,220.42,2023-03-06 15:00:00,0
1014,Marketing,Other,254.25,2023-03-06 16:00:00,0
1006,Engineering,Supplies,114.48,2023-03-06 17:00:00,0
1002,Engineering,Meals,237.48,2023-03-06 18:00:00,0
1011,HR,Meals,196.56,2023-03-06 19:00:00,0
1054,Marketing,Software,199.49,2023-03-06 20:00:00,0
1034,HR,Travel,250.75,2023-03-06 21:00:00,0
1046,Finance,Software,187.85,2023-03-06 22:00:00,0
1073,Marketing,Meals,154.19,2023-03-06 23:00:00,0
1064,Marketing,Travel,183.71,2023-03-07 00:00:00,0
1019,HR,Software,244.71,2023-03-07 01:00:00,0
1014,Engineering,Meals,198.52,2023-03-07 02:00:00,0
1052,Marketing,Supplies,258.22,2023-03-07 03:00:00,0
1047,Engineering,Software,285.05,2023-03-07 04:00:00,0
1090,HR,Other,150.52,2023-03-07 05:00:00,0
1089,HR,Software,139.41,2023-03-07 06:00:00,0
1000,Finance,Supplies,153.38,2023-03-07 07:00:00,0
1087,Marketing,Software,172.12,2023-03-07 08:00:00,0
1042,Finance,Supplies,271.62,2023-03-07 09:00:00,0
1092,HR,Travel,132.97,2023-03-07 10:00:00,0
1098,Engineering,Travel,112.16,2023-03-07 11:00:00,0
1004,Finance,Supplies,239.45,2023-03-07 12:00:00,0
1083,Marketing,Other,140.83,2023-03-07 13:00:00,0
1027,Marketing,Software,216.43,2023-03-07 14:00:00,0
1013,Engineering,Meals,185.7,2023-03-07 15:00:00,0
1094,Finance,Meals,267.69,2023-03-07 16:00:00,0
1063,Finance,Supplies,249.86,2023-03-07 17:00:00,0
1075,Marketing,Other,197.29,2023-03-07 18:00:00,0
1095,Engineering,Other,91.39,2023-03-07 19:00:00,0
1063,Finance,Travel,1222.35,2023-03-07 20:00:00,1
1088,HR,Software,235.43,2023-03-07 21:00:00,0
1046,Marketing,Meals,168.11,2023-03-07 22:00:00,0
1036,Marketing,Software,277.54,2023-03-07 23:00:00,0
1000,Engineering,Meals,222.45,2023-03-08 00:00:00,0
1008,Finance,Meals,159.19,2023-03-08 01:00:00,0
1060,HR,Meals,252.61,2023-03-08 02:00:00,0
1027,Engineering,Travel,179.29,2023-03-08 03:00:00,0
1012,Marketing,Software,151.45,2023-03-08 04:00:00,0
1012,Finance,Software,200.49,2023-03-08 05:00:00,0
1002,Marketing,Software,77.46,2023-03-08 06:00:00,0
1062,Finance,Supplies,261.39,2023-03-08 07:00:00,0
1075,Finance,Software,271.01,2023-03-08 08:00:00,0
1002,Finance,Other,185.14,2023-03-08 09:00:00,0
1058,Marketing,Other,230.76,2023-03-08 10:00:00,0
1005,HR,Software,173.71,2023-03-08 11:00:00,0
1056,HR,Travel,298.68,2023-03-08 12:00:00,0
1071,Marketing,Other,180.36,2023-03-08 13:00:00,0
1033,HR,Supplies,243.3,2023-03-08 14:00:00,0
1075,HR,Meals,172.06,2023-03-08 15:00:00,0
1089,Finance,Supplies,161.39,2023-03-08 16:00:00,0
1056,Engineering,Software,169.05,2023-03-08 17:00:00,0
1092,Engineering,Other,216.45,2023-03-08 18:00:00,0
1096,Engineering,Other,181.28,2023-03-08 19:00:00,0
1052,Marketing,Supplies,154.06,2023-03-08 20:00:00,0
1083,HR,Meals,72.58,2023-03-08 21:00:00,0
1090,Marketing,Travel,220.21,2023-03-08 22:00:00,0
1080,Marketing,Travel,193.43,2023-03-08 23:00:00,0
1020,Finance,Software,203.25,2023-03-09 00:00:00,0
1050,Finance,Meals,128.57,2023-03-09 01:00:00,0
1046,Finance,Travel,164.01,2023-03-09 02:00:00,0
1035,Finance,Other,228.39,2023-03-09 03:00:00,0
1000,Finance,Meals,143.51,2023-03-09 04:00:00,0
1054,Finance,Software,129.38,2023-03-09 05:00:00,0
1059,Engineering,Other,249.27,2023-03-09 06:00:00,0
1001,Marketing,Other,126.09,2023-03-09 07:00:00,0
1022,Engineering,Travel,285.53,2023-03-09 08:00:00,0
1047,HR,Travel,166.51,2023-03-09 09:00:00,0
1077,HR,Supplies,247.02,2023-03-09 10:00:00,0
1044,Finance,Travel,183.39,2023-03-09 11:00:00,0
1065,Engineering,Meals,239.47,2023-03-09 12:00:00,0
1068,Finance,Meals,134.53,2023-03-09 13:00:00,0
1068,Finance,Other,232.66,2023-03-09 14:00:00,0
1094,HR,Meals,178.46,2023-03-09 15:00:00,0
1061,Finance,Meals,159.5,2023-03-09 16:00:00,0
1093,Finance,Supplies,180.93,2023-03-09 17:00:00,0
1002,Finance,Supplies,152.83,2023-03-09 18:00:00,0
1057,Finance,Meals,245.45,2023-03-09 19:00:00,0
1080,HR,Travel,78.09,2023-03-09 20:00:00,0
1019,HR,Other,206.65,2023-03-09 21:00:00,0
1070,HR,Supplies,115.5,2023-03-09 22:00:00,0
1007,Engineering,Travel,117.86,2023-03-09 23:00:00,0
1011,Engineering,Travel,105.94,2023-03-10 00:00:00,0
1057,HR,Meals,197.76,2023-03-10 01:00:00,0
1073,Engineering,Other,190.39,2023-03-10 02:00:00,0
1016,Marketing,Software,234.23,2023-03-10 03:00:00,0
1026,Finance,Other,293.5,2023-03-10 04:00:00,0
1018,Marketing,Software,187.76,2023-03-10 05:00:00,0
1001,Marketing,Travel,1090.1000000000001,2023-03-10 06:00:00,1
1067,Engineering,Travel,105.76,2023-03-10 07:00:00,0
1057,Finance,Travel,126.03,2023-03-10 08:00:00,0
1063,Finance,Travel,158.81,2023-03-10 09:00:00,0
1007,Engineering,Meals,271.29,2023-03-10 10:00:00,0
1014,Engineering,Other,210.88,2023-03-10 11:00:00,0
1032,HR,Supplies,268.95,2023-03-10 12:00:00,0
1018,Finance,Meals,230.14,2023-03-10 13:00:00,0
1027,Marketing,Supplies,141.72,2023-03-10 14:00:00,0
1075,Finance,Travel,216.66,2023-03-10 15:00:00,0
1062,HR,Meals,289.6,2023-03-10 16:00:00,0
1031,Marketing,Travel,167.92,2023-03-10 17:00:00,0
1067,Engineering,Supplies,268.47,2023-03-10 18:00:00,0
1029,Engineering,Other,140.32,2023-03-10 19:00:00,0
1057,Finance,Software,215.58,2023-03-10 20:00:00,0
1071,Marketing,Travel,89.2,2023-03-10 21:00:00,0
1052,Engineering,Supplies,247.93,2023-03-10 22:00:00,0
1047,HR,Supplies,713.15,2023-03-10 23:00:00,1
1091,Engineering,Meals,278.06,2023-03-11 00:00:00,0
1072,Finance,Travel,179.43,2023-03-11 01:00:00,0
1041,Engineering,Other,197.26,2023-03-11 02:00:00,0
1059,Engineering,Other,232.9,2023-03-11 03:00:00,0
1044,Finance,Supplies,306.75,2023-03-11 04:00:00,0
1070,Marketing,Meals,176.17,2023-03-11 05:00:00,0
1053,Finance,Supplies,213.76,2023-03-11 06:00:00,0
1010,Engineering,Software,201.77,2023-03-11 07:00:00,0
1021,Marketing,Supplies,220.44,2023-03-11 08:00:00,0
1011,Finance,Supplies,1227.6000000000001,2023-03-11 09:00:00,1
1084,Finance,Travel,235.55,2023-03-11 10:00:00,0
1078,Engineering,Meals,188.34,2023-03-11 11:00:00,0
1061,Engineering,Travel,222.69,2023-03-11 12:00:00,0
1093,Marketing,Meals,246.7,2023-03-11 13:00:00,0
1045,Marketing,Other,165.19,2023-03-11 14:00:00,0
1037,HR,Travel,1059.75,2023-03-11 15:00:00,1
1021,Engineering,Supplies,232.34,2023-03-11 16:00:00,0
1093,Engineering,Other,126.55,2023-03-11 17:00:00,0
1090,Finance,Travel,158.74,2023-03-11 18:00:00,0
1008,Marketing,Other,289.61,2023-03-11 19:00:00,0
1004,Marketing,Supplies,234.78,2023-03-11 20:00:00,0
1070,Marketing,Travel,139.83,2023-03-11 21:00:00,0
1057,Finance,Travel,99.67,2023-03-11 22:00:00,0
1052,Finance,Travel,149.35,2023-03-11 23:00:00,0
1003,Engineering,Meals,137.7,2023-03-12 00:00:00,0
1089,Engineering,Meals,141.18,2023-03-12 01:00:00,0
1015,HR,Travel,188.25,2023-03-12 02:00:00,0
1041,Finance,Software,248.7,2023-03-12 03:00:00,0
1095,HR,Software,163.05,2023-03-12 04:00:00,0
1079,Engineering,Other,227.25,2023-03-12 05:00:00,0
1011,Finance,Other,205.93,2023-03-12 06:00:00,0
1080,Marketing,Software,172.7,2023-03-12 07:00:00,0
1005,Engineering,Travel,233.61,2023-03-12 08:00:00,0
1039,HR,Travel,263.03,2023-03-12 09:00:00,0
1079,Finance,Supplies,847.25,2023-03-12 10:00:00,1
1041,Finance,Supplies,92.13,2023-03-12 11:00:00,0
1041,HR,Supplies,196.71,2023-03-12 12:00:00,0
1085,HR,Other,233.38,2023-03-12 13:00:00,0
1081,Finance,Software,191.42,2023-03-12 14:00:00,0
1088,Engineering,Supplies,263.55,2023-03-12 15:00:00,0
1025,HR,Meals,75.51,2023-03-12 16:00:00,0
1086,Engineering,Other,196.04,2023-03-12 17:00:00,0
1079,Finance,Software,217.48,2023-03-12 18:00:00,0
1092,Finance,Supplies,258.16,2023-03-12 19:00:00,0
1088,Finance,Meals,241.96,2023-03-12 20:00:00,0
1062,Marketing,Other,175.01,2023-03-12 21:00:00,0
1082,Engineering,Meals,140.01,2023-03-12 22:00:00,0
1030,HR,Meals,117.06,2023-03-12 23:00:00,0
1086,Engineering,Other,130.16,2023-03-13 00:00:00,0
1071,Marketing,Meals,223.79,2023-03-13 01:00:00,0
1014,Marketing,Supplies,170.94,2023-03-13 02:00:00,0
1030,Engineering,Travel,162.13,2023-03-13 03:00:00,0
1013,HR,Travel,221.21,2023-03-13 04:00:00,0
1039,Marketing,Meals,242.29,2023-03-13 05:00:00,0
1037,Engineering,Supplies,227.36,2023-03-13 06:00:00,0
1042,Finance,Meals,145.26,2023-03-13 07:00:00,0
1083,HR,Travel,888.7,2023-03-13 08:00:00,1
1047,HR,Software,208.03,2023-03-13 09:00:00,0
1058,Marketing,Travel,233.14,2023-03-13 10:00:00,0
1096,Engineering,Meals,212.73,2023-03-13 11:00:00,0
1059,Finance,Software,207.54,2023-03-13 12:00:00,0
1041,Marketing,Travel,328.12,2023-03-13 13:00:00,0
1055,Engineering,Travel,187.56,2023-03-13 14:00:00,0
1012,Engineering,Other,214.4,2023-03-13 15:00:00,0
1089,Engineering,Supplies,244.41,2023-03-13 16:00:00,0
1022,Marketing,Software,182.86,2023-03-13 17:00:00,0
1026,Finance,Travel,171.62,2023-03-13 18:00:00,0
1062,HR,Software,65.49,2023-03-13 19:00:00,0
1012,HR,Travel,199.61,2023-03-13 20:00:00,0
1035,Engineering,Meals,192.5,2023-03-13 21:00:00,0
1040,Marketing,Meals,199.15,2023-03-13 22:00:00,0
1074,Engineering,Travel,177.05,2023-03-13 23:00:00,0
1036,Finance,Supplies,227.94,2023-03-14 00:00:00,0
1048,HR,Software,121.3,2023-03-14 01:00:00,0
1051,Engineering,Supplies,209.01,2023-03-14 02:00:00,0
1013,Marketing,Other,199.25,2023-03-14 03:00:00,0
1022,Finance,Supplies,132.1,2023-03-14 04:00:00,0
1014,Finance,Meals,191.69,2023-03-14 05:00:00,0
1087,Finance,Supplies,238.99,2023-03-14 06:00:00,0
1037,Finance,Meals,262.08,2023-03-14 07:00:00,0
1033,Engineering,Meals,232.6,2023-03-14 08:00:00,0
1003,Marketing,Meals,220.3,2023-03-14 09:00:00,0
1010,Marketing,Travel,263.7,2023-03-14 10:00:00,0
1053,HR,Supplies,225.05,2023-03-14 11:00:00,0
1018,Finance,Other,111.63,2023-03-14 12:00:00,0
1090,Engineering,Other,212.28,2023-03-14 13:00:00,0
1097,Marketing,Other,201.14,2023-03-14 14:00:00,0
1077,Finance,Other,185.47,2023-03-14 15:00:00,0
1014,HR,Travel,229.44,2023-03-14 16:00:00,0
1087,Finance,Supplies,161.98,2023-03-14 17:00:00,0
1048,Finance,Other,239.62,2023-03-14 18:00:00,0
1037,HR,Travel,214.46,2023-03-14 19:00:00,0
1026,Engineering,Travel,261.92,2023-03-14 20:00:00,0
1026,Marketing,Software,189.64,2023-03-14 21:00:00,0
1073,Finance,Software,191.13,2023-03-14 22:00:00,0
1032,Marketing,Travel,283.99,2023-03-14 23:00:00,0
1062,Marketing,Other,225.15,2023-03-15 00:00:00,0
1094,Marketing,Software,216.73,2023-03-15 01:00:00,0
1061,Engineering,Travel,274.21,2023-03-15 02:00:00,0
1080,HR,Software,155.41,2023-03-15 03:00:00,0
1072,Marketing,Software,288.64,2023-03-15 04:00:00,0
1055,HR,Travel,283.85,2023-03-15 05:00:00,0
1038,Engineering,Software,160.9,2023-03-15 06:00:00,0
1013,Marketing,Travel,113.14,2023-03-15 07:00:00,0
1008,Marketing,Supplies,302.78,2023-03-15 08:00:00,0
1013,Marketing,Other,815.95,2023-03-15 09:00:00,1
1036,Marketing,Other,212.67,2023-03-15 10:00:00,0
1023,Engineering,Meals,212.26,2023-03-15 11:00:00,0
1010,HR,Travel,212.52,2023-03-15 12:00:00,0
1036,Engineering,Travel,133.06,2023-03-15 13:00:00,0
1014,Finance,Software,210.21,2023-03-15 14:00:00,0
1016,Finance,Software,228.07,2023-03-15 15:00:00,0
1011,Finance,Other,197.96,2023-03-15 16:00:00,0
1025,Finance,Software,262.92,2023-03-15 17:00:00,0
1052,Marketing,Travel,157.73,2023-03-15 18:00:00,0
1036,HR,Meals,230.21,2023-03-15 19:00:00,0
1095,Engineering,Supplies,226.72,2023-03-15 20:00:00,0
1010,Marketing,Travel,225.07,2023-03-15 21:00:00,0
1049,Marketing,Meals,164.26,2023-03-15 22:00:00,0
1010,Finance,Other,226.44,2023-03-15 23:00:00,0
1072,Marketing,Other,209.77,2023-03-16 00:00:00,0
1059,Finance,Travel,221.72,2023-03-16 01:00:00,0
1017,HR,Travel,147.01,2023-03-16 02:00:00,0
1082,Marketing,Other,185.94,2023-03-16 03:00:00,0
1088,HR,Travel,318.38,2023-03-16 04:00:00,0
1086,HR,Supplies,194.8,2023-03-16 05:00:00,0
1035,Engineering,Other,157.06,2023-03-16 06:00:00,0
1020,Finance,Supplies,224.04,2023-03-16 07:00:00,0
1073,Engineering,Other,239.42,2023-03-16 08:00:00,0
1021,Finance,Other,146.55,2023-03-16 09:00:00,0
1065,HR,Meals,281.08,2023-03-16 10:00:00,0
1020,Finance,Supplies,184.63,2023-03-16 11:00:00,0
1076,HR,Other,217.87,2023-03-16 12:00:00,0
1074,HR,Software,184.51,2023-03-16 13:00:00,0
1040,HR,Travel,67.97,2023-03-16 14:00:00,0
1037,Engineering,Travel,152.58,2023-03-16 15:00:00,0
1066,HR,Supplies,251.42,2023-03-16 16:00:00,0
1092,HR,Other,170.62,2023-03-16 17:00:00,0
1047,Marketing,Other,151.88,2023-03-16 18:00:00,0
1011,Finance,Other,229.95,2023-03-16 19:00:00,0
1069,Finance,Software,220.04,2023-03-16 20:00:00,0
1091,HR,Supplies,220.47,2023-03-16 21:00:00,0
1095,Marketing,Meals,303.5,2023-03-16 22:00:00,0
1085,Marketing,Software,1348.85,2023-03-16 23:00:00,1
1003,Marketing,Supplies,165.36,2023-03-17 00:00:00,0
1041,HR,Software,223.14,2023-03-17 01:00:00,0
1060,Finance,Travel,108.16,2023-03-17 02:00:00,0
1006,Finance,Other,214.32,2023-03-17 03:00:00,0
1010,Engineering,Other,139.87,2023-03-17 04:00:00,0
1013,Finance,Meals,251.13,2023-03-17 05:00:00,0
1015,Marketing,Software,212.36,2023-03-17 06:00:00,0
1045,Finance,Meals,195.88,2023-03-17 07:00:00,0
1035,Finance,Other,271.18,2023-03-17 08:00:00,0
1053,Engineering,Software,143.29,2023-03-17 09:00:00,0
1053,Finance,Supplies,201.52,2023-03-17 10:00:00,0
1085,Engineering,Travel,157.04,2023-03-17 11:00:00,0
1071,Finance,Software,235.82,2023-03-17 12:00:00,0
1026,Engineering,Supplies,229.21,2023-03-17 13:00:00,0
1029,Engineering,Software,95.92,2023-03-17 14:00:00,0
1002,Engineering,Other,164.78,2023-03-17 15:00:00,0
1014,Finance,Travel,154.23,2023-03-17 16:00:00,0
1041,Finance,Software,155.06,2023-03-17 17:00:00,0
1058,Finance,Supplies,160.54,2023-03-17 18:00:00,0
1001,Engineering,Software,166.12,2023-03-17 19:00:00,0
1053,Engineering,Supplies,156.62,2023-03-17 20:00:00,0
1050,Marketing,Software,141.04,2023-03-17 21:00:00,0
1039,Engineering,Travel,197.7,2023-03-17 22:00:00,0
1072,Marketing,Supplies,202.55,2023-03-17 23:00:00,0
1025,HR,Other,222.21,2023-03-18 00:00:00,0
1056,Finance,Other,171.32,2023-03-18 01:00:00,0
1007,HR,Software,255.5,2023-03-18 02:00:00,0
1013,Marketing,Other,172.1,2023-03-18 03:00:00,0
1033,Engineering,Meals,206.55,2023-03-18 04:00:00,0
1009,Marketing,Software,206.59,2023-03-18 05:00:00,0
1086,HR,Meals,238.67,2023-03-18 06:00:00,0
1013,HR,Software,251.72,2023-03-18 07:00:00,0
1088,HR,Other,242.07,2023-03-18 08:00:00,0
1028,Engineering,Software,173.57,2023-03-18 09:00:00,0
1078,Finance,Software,259.24,2023-03-18 10:00:00,0
1025,Marketing,Travel,235.25,2023-03-18 11:00:00,0
1086,Finance,Other,129.66,2023-03-18 12:00:00,0
1057,Marketing,Meals,203.92,2023-03-18 13:00:00,0
1090,Engineering,Meals,188.68,2023-03-18 14:00:00,0
1074,HR,Travel,121.68,2023-03-18 15:00:00,0
1097,Finance,Other,282.19,2023-03-18 16:00:00,0
1020,HR,Supplies,210.96,2023-03-18 17:00:00,0
1006,Marketing,Software,215.27,2023-03-18 18:00:00,0
1094,Marketing,Travel,157.58,2023-03-18 19:00:00,0
1095,Finance,Meals,214.8,2023-03-18 20:00:00,0
1033,Finance,Travel,230.64,2023-03-18 21:00:00,0
1020,Finance,Meals,216.78,2023-03-18 22:00:00,0
1064,HR,Travel,251.17,2023-03-18 23:00:00,0
1080,Marketing,Other,174.64,2023-03-19 00:00:00,0
1004,Marketing,Software,247.02,2023-03-19 01:00:00,0
1072,Marketing,Supplies,162.1,2023-03-19 02:00:00,0
1030,Marketing,Supplies,118.33,2023-03-19 03:00:00,0
1043,Finance,Other,158.72,2023-03-19 04:00:00,0
1048,Engineering,Travel,214.41,2023-03-19 05:00:00,0
1084,Marketing,Supplies,181.46,2023-03-19 06:00:00,0
1026,HR,Supplies,304.01,2023-03-19 07:00:00,0
1092,Engineering,Travel,237.93,2023-03-19 08:00:00,0
1012,Engineering,Supplies,98.85,2023-03-19 09:00:00,0
1091,HR,Software,197.68,2023-03-19 10:00:00,0
1029,HR,Supplies,170.48,2023-03-19 11:00:00,0
1060,HR,Software,226.15,2023-03-19 12:00:00,0
1046,Finance,Travel,147.24,2023-03-19 13:00:00,0
1046,Finance,Travel,242.93,2023-03-19 14:00:00,0
1030,Finance,Supplies,171.64,2023-03-19 15:00:00,0
1046,Engineering,Supplies,144.79,2023-03-19 16:00:00,0
1081,HR,Other,220.59,2023-03-19 17:00:00,0
1017,Engineering,Travel,186.04,2023-03-19 18:00:00,0
1079,Marketing,Software,194.83,2023-03-19 19:00:00,0
1013,Finance,Meals,152.02,2023-03-19 20:00:00,0
1043,Marketing,Meals,208.62,2023-03-19 21:00:00,0
1030,Finance,Software,169.03,2023-03-19 22:00:00,0
1012,Engineering,Meals,168.35,2023-03-19 23:00:00,0
1076,Finance,Meals,176.22,2023-03-20 00:00:00,0
1034,HR,Software,229.03,2023-03-20 01:00:00,0
1036,HR,Other,284.82,2023-03-20 02:00:00,0
1005,Engineering,Software,174.64,2023-03-20 03:00:00,0
1019,Marketing,Supplies,245.82,2023-03-20 04:00:00,0
1088,Engineering,Travel,168.03,2023-03-20 05:00:00,0
1019,HR,Other,241.74,2023-03-20 06:00:00,0
1002,Marketing,Other,300.75,2023-03-20 07:00:00,0
1022,Finance,Supplies,161.42,2023-03-20 08:00:00,0
1054,Engineering,Supplies,153.77,2023-03-20 09:00:00,0
1039,HR,Meals,143.14,2023-03-20 10:00:00,0
1079,Marketing,Supplies,202.43,2023-03-20 11:00:00,0
1037,Finance,Supplies,994.0,2023-03-20 12:00:00,1
1075,Finance,Other,83.07,2023-03-20 13:00:00,0
1046,Marketing,Supplies,179.53,2023-03-20 14:00:00,0
1090,HR,Software,176.94,2023-03-20 15:00:00,0
1096,Finance,Travel,175.38,2023-03-20 16:00:00,0
1086,Engineering,Other,230.78,2023-03-20 17:00:00,0
1049,Finance,Other,212.13,2023-03-20 18:00:00,0
1042,HR,Supplies,180.38,2023-03-20 19:00:00,0
1037,Finance,Supplies,207.99,2023-03-20 20:00:00,0
1049,Engineering,Meals,155.68,2023-03-20 21:00:00,0
1003,Engineering,Travel,175.52,2023-03-20 22:00:00,0
1010,Engineering,Travel,174.59,2023-03-20 23:00:00,0
1080,Finance,Other,183.59,2023-03-21 00:00:00,0
1026,Marketing,Other,214.9,2023-03-21 01:00:00,0
1032,Engineering,Meals,234.15,2023-03-21 02:00:00,0
1077,Marketing,Meals,254.13,2023-03-21 03:00:00,0
1086,Finance,Meals,204.03,2023-03-21 04:00:00,0
1054,Marketing,Meals,229.8,2023-03-21 05:00:00,0
1061,Engineering,Supplies,183.92,2023-03-21 06:00:00,0
1050,HR,Travel,276.04,2023-03-21 07:00:00,0
1006,HR,Software,207.37,2023-03-21 08:00:00,0
1007,Marketing,Meals,204.44,2023-03-21 09:00:00,0
1041,Finance,Other,229.28,2023-03-21 10:00:00,0
1068,Engineering,Supplies,243.27,2023-03-21 11:00:00,0
1063,Engineering,Other,174.95,2023-03-21 12:00:00,0
1002,Engineering,Travel,179.86,2023-03-21 13:00:00,0
1044,Engineering,Meals,199.75,2023-03-21 14:00:00,0
1029,HR,Meals,200.53,2023-03-21 15:00:00,0
1063,Marketing,Meals,158.45,2023-03-21 16:00:00,0
1043,Marketing,Other,240.28,2023-03-21 17:00:00,0
1020,HR,Travel,880.25,2023-03-21 18:00:00,1
1056,HR,Supplies,173.09,2023-03-21 19:00:00,0
1075,HR,Travel,211.87,2023-03-21 20:00:00,0
1062,HR,Meals,219.84,2023-03-21 21:00:00,0
1080,HR,Software,189.36,2023-03-21 22:00:00,0
1068,Engineering,Travel,231.01,2023-03-21 23:00:00,0
1080,Marketing,Meals,313.56,2023-03-22 00:00:00,0
1060,Marketing,Travel,185.48,2023-03-22 01:00:00,0
1076,HR,Other,201.13,2023-03-22 02:00:00,0
1049,Finance,Software,203.44,2023-03-22 03:00:00,0
1045,Finance,Software,220.84,2023-03-22 04:00:00,0
1085,Engineering,Software,159.86,2023-03-22 05:00:00,0
1090,HR,Software,270.41,2023-03-22 06:00:00,0
1079,Marketing,Travel,185.86,2023-03-22 07:00:00,0
1006,Engineering,Meals,200.47,2023-03-22 08:00:00,0
1036,Marketing,Software,164.11,2023-03-22 09:00:00,0
1021,Engineering,Other,284.53,2023-03-22 10:00:00,0
1016,Engineering,Travel,394.22,2023-03-22 11:00:00,0
1086,HR,Meals,258.85,2023-03-22 12:00:00,0
1034,Finance,Supplies,273.55,2023-03-22 13:00:00,0
1038,HR,Travel,251.87,2023-03-22 14:00:00,0
1021,Finance,Software,234.42,2023-03-22 15:00:00,0
1002,Finance,Software,250.42,2023-03-22 16:00:00,0
1038,HR,Travel,178.95,2023-03-22 17:00:00,0
1096,Finance,Supplies,179.36,2023-03-22 18:00:00,0
1022,Engineering,Software,244.23,2023-03-22 19:00:00,0
1006,Marketing,Other,242.94,2023-03-22 20:00:00,0
1026,Engineering,Software,161.37,2023-03-22 21:00:00,0
1019,Marketing,Software,136.34,2023-03-22 22:00:00,0
1068,Marketing,Other,251.98,2023-03-22 23:00:00,0
1036,Finance,Other,254.69,2023-03-23 00:00:00,0
1012,Engineering,Software,189.84,2023-03-23 01:00:00,0
1051,Marketing,Supplies,272.13,2023-03-23 02:00:00,0
1074,Engineering,Other,298.81,2023-03-23 03:00:00,0
1061,HR,Meals,244.75,2023-03-23 04:00:00,0
1042,Finance,Other,202.19,2023-03-23 05:00:00,0
1044,Finance,Meals,209.14,2023-03-23 06:00:00,0
1087,Engineering,Supplies,178.75,2023-03-23 07:00:00,0
1039,Marketing,Supplies,195.85,2023-03-23 08:00:00,0
1069,Marketing,Supplies,251.1,2023-03-23 09:00:00,0
1097,HR,Travel,155.29,2023-03-23 10:00:00,0
1039,HR,Supplies,944.8000000000001,2023-03-23 11:00:00,1
1045,Finance,Travel,231.99,2023-03-23 12:00:00,0
1051,Engineering,Meals,116.24,2023-03-23 13:00:00,0
1019,Finance,Meals,143.8,2023-03-23 14:00:00,0
1033,Marketing,Travel,197.28,2023-03-23 15:00:00,0
1041,Marketing,Supplies,243.02,2023-03-23 16:00:00,0
1078,Finance,Supplies,261.41,2023-03-23 17:00:00,0
1047,Engineering,Travel,223.36,2023-03-23 18:00:00,0
1017,Finance,Travel,203.57,2023-03-23 19:00:00,0
1050,HR,Supplies,151.56,2023-03-23 20:00:00,0
1094,Engineering,Travel,212.45,2023-03-23 21:00:00,0
1072,Finance,Meals,201.27,2023-03-23 22:00:00,0
1041,Engineering,Travel,245.83,2023-03-23 23:00:00,0
1013,Engineering,Other,218.03,2023-03-24 00:00:00,0
1050,Engineering,Meals,235.57,2023-03-24 01:00:00,0
1053,Finance,Meals,235.3,2023-03-24 02:00:00,0
1003,HR,Supplies,216.02,2023-03-24 03:00:00,0
1044,Finance,Software,243.56,2023-03-24 04:00:00,0
1082,Engineering,Meals,192.17,2023-03-24 05:00:00,0
1028,HR,Meals,205.62,2023-03-24 06:00:00,0
1005,Marketing,Supplies,225.62,2023-03-24 07:00:00,0
1053,HR,Software,123.93,2023-03-24 08:00:00,0
1046,Engineering,Travel,174.1,2023-03-24 09:00:00,0
1078,Finance,Meals,166.25,2023-03-24 10:00:00,0
1086,HR,Other,208.1,2023-03-24 11:00:00,0
1055,Marketing,Software,212.58,2023-03-24 12:00:00,0
1094,Engineering,Other,225.79,2023-03-24 13:00:00,0
1032,Marketing,Travel,153.29,2023-03-24 14:00:00,0
1013,HR,Meals,338.69,2023-03-24 15:00:00,0
1082,Marketing,Meals,182.93,2023-03-24 16:00:00,0
1088,Finance,Travel,276.59,2023-03-24 17:00:00,0
1050,Finance,Meals,228.81,2023-03-24 18:00:00,0
1066,Engineering,Meals,95.14,2023-03-24 19:00:00,0
1072,HR,Supplies,216.0,2023-03-24 20:00:00,0
1006,Marketing,Travel,215.7,2023-03-24 21:00:00,0
1079,Marketing,Supplies,219.55,2023-03-24 22:00:00,0
1094,Engineering,Software,212.05,2023-03-24 23:00:00,0
1037,Finance,Other,86.0,2023-03-25 00:00:00,0
1027,Finance,Software,232.44,2023-03-25 01:00:00,0
1044,Engineering,Supplies,194.76,2023-03-25 02:00:00,0
1020,HR,Supplies,246.68,2023-03-25 03:00:00,0
1068,Finance,Supplies,152.87,2023-03-25 04:00:00,0
1080,Engineering,Software,257.54,2023-03-25 05:00:00,0
1065,HR,Meals,191.05,2023-03-25 06:00:00,0
1016,HR,Travel,294.63,2023-03-25 07:00:00,0
